algorithm,frame_width,content,build_a,build_b,keypoint_count_left,keypoint_count_right,match_count,keypoints_left_equal,keypoints_right_equal,descriptors_left_equal,descriptors_right_equal,matches_equal,keypoint_values_differing,keypoint_values_total,keypoint_max_abs_diff,descriptor_bytes_differing,descriptor_bytes_total,match_values_differing,match_values_total,match_max_abs_diff,digest_keypoints_left_a,digest_keypoints_left_b,digest_keypoints_right_a,digest_keypoints_right_b,digest_descriptors_left_a,digest_descriptors_left_b,digest_descriptors_right_a,digest_descriptors_right_b,digest_matches_a,digest_matches_b
akaze,512,textured,wasm,simd,22,23,12,false,false,true,true,true,7,270,2.289e-5,0,2745,0,36,0,74c6c529b3633117787c0a748bebf263dc88d406621e42bc5ba211fabf0974b7,4d30117fb67d09d432ae5d08c55b828cbd898c87bb912b06db3b1c797b656d62,0cbe85f112b5ce20a0239d2c85aa7f2f9f3087a23495893bf0b8c227af700dc2,c0de5300b8438b0d0a9b8b287b53929b8246e4cc00293acb753f312470581d5e,e8e9f903ff87ba710eb90513fe27817d5c63e52fee1bc56932f026cfbfa9d18a,e8e9f903ff87ba710eb90513fe27817d5c63e52fee1bc56932f026cfbfa9d18a,f6bcb8be2f104d27d2b36a31a1d0dc9a47ef923a76fd1bbc2393f57a6f656ea6,f6bcb8be2f104d27d2b36a31a1d0dc9a47ef923a76fd1bbc2393f57a6f656ea6,f414431159177e424aba80a80495e2f7c276a0ec9f9d4dd9ba6642fe04f4c8bd,f414431159177e424aba80a80495e2f7c276a0ec9f9d4dd9ba6642fe04f4c8bd
akaze,1024,low-texture,wasm,simd,15,19,13,false,false,true,true,true,20,204,1.526e-5,0,2074,0,39,0,cf22ab7ca5e0fde329b0d50113e56a5ea0b7da005a32d890b02b8d0b2aad66be,cb1ca8b3a8cf3266ad2286a9bd63973a07fe0392e09728abced0ba7bfad217c0,fc3ce842df29c6a9e95e3b2bff845c46b3b2f51d91c8480f7fe721d13e1028f3,8c1657ffeaca6a3d254cd1bbe1638f61ecc7f3bb4e551209b71a075815dea300,94d739a9c07ffe63e6105b3d38e817c165d7a85cf50c3816c5e7e832864dafe1,94d739a9c07ffe63e6105b3d38e817c165d7a85cf50c3816c5e7e832864dafe1,a15e35032868dff77143573ca08a221dfea09df5f158aad1d7428a45bd1c5a2c,a15e35032868dff77143573ca08a221dfea09df5f158aad1d7428a45bd1c5a2c,c53c7a5ce61994748d79ab6ffafcee2fd521c3d2d2a9c2f328e0c964d6e7b963,c53c7a5ce61994748d79ab6ffafcee2fd521c3d2d2a9c2f328e0c964d6e7b963
akaze,1024,noisy,wasm,simd,78,85,51,false,false,true,true,true,40,978,3.052e-5,0,9943,0,153,0,1eb643a64c69d74b70b5773862db16726e923e49a60390d8af322e1e872c66a8,4a3f8f658e54ce9fe310d0b84e79f55cbed8d21674a07b4beefbe9d541670ac4,9e803f2c7fb9b1f5da114b35824a97f65e831a26231158a9949d1bbc5eab7238,8ed8f12b1bd4b76afba3fc4b3b49ef89b4bdb4562276eb8b01a9c0c8c574b7ee,c1a877588600cd8f43953c4b1eff3214df9b9e921769dd93f91e97dde79126e1,c1a877588600cd8f43953c4b1eff3214df9b9e921769dd93f91e97dde79126e1,d2696c4098051ede49181c00db444b393d607f1270f66e63f5c4b5049188b8af,d2696c4098051ede49181c00db444b393d607f1270f66e63f5c4b5049188b8af,075eb5a196a1aa36b68782c5597b8094eb99b1a1bc97b8ac955b524dc6a215a0,075eb5a196a1aa36b68782c5597b8094eb99b1a1bc97b8ac955b524dc6a215a0
akaze,1024,textured,wasm,simd,72,79,44,false,false,true,true,true,71,906,3.815e-5,0,9211,0,132,0,900b7f885b1f8a61801c33985e2e9095ace0446590b5bf8072f23b239d65f2ef,297450e54475b524a8b2962f55d73558b2ae235c84639cb4d95bc47e78e40255,227f4a8ae75a2a8e65d9e52c76197e8bf5fc58e8f8f3b730192099fb214bf51d,208ec3dac1a2b472866ddec28c7b1c3a79f1287facf016a114c9fc19315450db,96a4a68c459c1f02d8dfba7ec718c4767f5e6db1f4d02cae7f42104d0f444c23,96a4a68c459c1f02d8dfba7ec718c4767f5e6db1f4d02cae7f42104d0f444c23,78d750f9ca5732d8d86dc15a873901e265a77df6d81f6009cfe68fb18a3917d3,78d750f9ca5732d8d86dc15a873901e265a77df6d81f6009cfe68fb18a3917d3,9ce84aab75068e24d755af1163360ad5596cd180c976cea6ff6492d6c15b7749,9ce84aab75068e24d755af1163360ad5596cd180c976cea6ff6492d6c15b7749
akaze,2048,textured,wasm,simd,166,154,99,false,false,true,true,true,124,1920,6.104e-5,0,19520,0,297,0,bf0d22984714bfe630dcca5ba7c3b21640a2681baf793fbfbd329e1da406f204,30536e7c98d8ba12c75ae88244c4b0a6d5130846e6bd82b52027c72b4d391f3b,4feb8223d05fb9b221d974705d11f66f9e818edb8e16d487268f27e0b31f220d,db45bcb8a193867debe8cd8c89ce366cbe1883660eca9e36cf9b83b706d34595,6450fd72da625333e89393be725b764de96036a1c2e564f9968516ed1ac03e05,6450fd72da625333e89393be725b764de96036a1c2e564f9968516ed1ac03e05,3c5a1f0c9a9c7f1779aceb0ff193663a16945c73c9919a441c53e8279b639554,3c5a1f0c9a9c7f1779aceb0ff193663a16945c73c9919a441c53e8279b639554,cf9dfbed7ba498f8c3384ed20d3c01d057bc39bf33d0aa7de7dd4624208dac1d,cf9dfbed7ba498f8c3384ed20d3c01d057bc39bf33d0aa7de7dd4624208dac1d
akaze,4096,textured,wasm,simd,426,371,235,false,false,false,false,false,377,4782,1.933505565,21,48617,1,705,3,e4acc6f7a962f83c5cc705138df7472dcf32bc6c1763f929a14cab0b92f80d73,9d94018aaebbe412db7674eba64d9247f6c096c47f8b00fbeffe532221dc8cf6,a436c1f070fe61acf4388dc580a24fa2f0c169166867b401eaeed1ea904f7554,e32b466f281b7e12e25c1a70e881a16c1f758c18e411edb19b1f09bee157a0ae,87b95f397bc62ca4491df37cf583296976cffeeb0c49c99a98cab06f813c3103,5ec4b74cf23f46cd0bbdd773b15b06c32ab0eb8976dd96439649bbcdd0dcfaa9,8d2118884357f71b1e37f3e99f1aed7570742a3c1f86b5943d1d8819f7418b4c,a7990ecc3e200e33ad304ddf8b995a446ad479aad74e0467cdbdfd0f27d74f06,2a96d2db3322089943d5f0d9e2c944a2eb59d9e33634ed357bb0b62f13c5ff41,b28d10c1136e02b3e8c53948762a9b3b93865ffea2665e9e6d776ca248d669f4
orb,512,textured,wasm,simd,125,119,78,true,true,true,true,true,0,1464,0,0,7808,0,234,0,4aeb52ffae88925ac7814350620d72d18c367252aa2602344262a3da47203617,4aeb52ffae88925ac7814350620d72d18c367252aa2602344262a3da47203617,78d46f4275e14aa5feeba82e56a84a0a95346e7209b76942d672d8f4eb1cf1dd,78d46f4275e14aa5feeba82e56a84a0a95346e7209b76942d672d8f4eb1cf1dd,e2248541bb55d98c87b0d3d21505c9f6839c2bda63ba27f681c8196b6934fb82,e2248541bb55d98c87b0d3d21505c9f6839c2bda63ba27f681c8196b6934fb82,3e0d3b658d856554702e98cb9cc003e60f998793169db8b3743e25f7e1ea2fd4,3e0d3b658d856554702e98cb9cc003e60f998793169db8b3743e25f7e1ea2fd4,cf3fd4f1db5fe9459e0733ca1c92b975aa3bc0e7d373161785a7e081df0fbfb1,cf3fd4f1db5fe9459e0733ca1c92b975aa3bc0e7d373161785a7e081df0fbfb1
orb,1024,low-texture,wasm,simd,93,105,46,true,true,true,true,true,0,1188,0,0,6336,0,138,0,30d600143d9a93bcb04e4e3ff5ebe3b88a2886836a5c0a6a33a372627635c849,30d600143d9a93bcb04e4e3ff5ebe3b88a2886836a5c0a6a33a372627635c849,3615d6427c35dd98f46b52c5994c6cf7ed54f6bbf67f723228a3f82d46d0cdf3,3615d6427c35dd98f46b52c5994c6cf7ed54f6bbf67f723228a3f82d46d0cdf3,ffc3e8e94947c77df385dbd868580569ee12bd689ad1aa94b7579ef8cd39ac0a,ffc3e8e94947c77df385dbd868580569ee12bd689ad1aa94b7579ef8cd39ac0a,9369f1be0831f9fa3b9a3ad215c57834acbc35e3d1a3dc1d8157bcf75ac3c609,9369f1be0831f9fa3b9a3ad215c57834acbc35e3d1a3dc1d8157bcf75ac3c609,ab5a3830c35c1177a3a8cd40a4a9e4ed34f4783c5c3164d650a46641faa7b48d,ab5a3830c35c1177a3a8cd40a4a9e4ed34f4783c5c3164d650a46641faa7b48d
orb,1024,noisy,wasm,simd,1538,1546,764,true,true,true,true,true,0,18504,0,0,98688,0,2292,0,4c25ef38451d8492c639689f730f2402512cc57a8dd30b69a06454cce79ae0b6,4c25ef38451d8492c639689f730f2402512cc57a8dd30b69a06454cce79ae0b6,18ecdd3c3b5f2f50e02b3f0161af2d4ecc59d412c962669a119488ff559ccd32,18ecdd3c3b5f2f50e02b3f0161af2d4ecc59d412c962669a119488ff559ccd32,7165a1f1eceace167cb593368367c75ffc850cfefe305a2c3d42431e5753bc12,7165a1f1eceace167cb593368367c75ffc850cfefe305a2c3d42431e5753bc12,16825d29790e7d84e7060e44521872f6f4a91ef613bf57f9f7b60e9be1224618,16825d29790e7d84e7060e44521872f6f4a91ef613bf57f9f7b60e9be1224618,8481c5c2a7ce4a76f7a76e702bd53ba719ebb331bef94ea72a8108207c5dd8f3,8481c5c2a7ce4a76f7a76e702bd53ba719ebb331bef94ea72a8108207c5dd8f3
orb,1024,textured,wasm,simd,358,349,204,true,true,true,true,true,0,4242,0,0,22624,0,612,0,859223737fa446d66806a4168e97f385fc3690de75125ec3e08db5e5dca1e1d1,859223737fa446d66806a4168e97f385fc3690de75125ec3e08db5e5dca1e1d1,7cec2957747d69113870b4e8e08471a625e470206733d773a290f699335d4b11,7cec2957747d69113870b4e8e08471a625e470206733d773a290f699335d4b11,526da5a67d03ee138d15bdf24534780fbc4f755bd86f2a27f2797608d69c8f67,526da5a67d03ee138d15bdf24534780fbc4f755bd86f2a27f2797608d69c8f67,a0fff4be7bac73abdd6e15ce002612fe61780517671eb4638af90faccbcb1606,a0fff4be7bac73abdd6e15ce002612fe61780517671eb4638af90faccbcb1606,a8c4c00ba784f684e83ecb1fac9b55e413f32ee7c3118427e6376859e6d0de74,a8c4c00ba784f684e83ecb1fac9b55e413f32ee7c3118427e6376859e6d0de74
orb,2048,textured,wasm,simd,1104,1148,686,true,true,true,true,true,0,13512,0,0,72064,0,2058,0,5ece5196b899b5f4b1a4b6da9632bcc80318877a3aee93bcb4e6588ef8079a9f,5ece5196b899b5f4b1a4b6da9632bcc80318877a3aee93bcb4e6588ef8079a9f,79a67166929b58992098bb9612708414751df141175011e90b0d63be9c226e08,79a67166929b58992098bb9612708414751df141175011e90b0d63be9c226e08,c6abac1f56e3451d713fa590dd580eb272abf14db78bb26376d698f34c8c5076,c6abac1f56e3451d713fa590dd580eb272abf14db78bb26376d698f34c8c5076,73ee06542e5e028765a412fa5ad7ac03ad8552b13888cb854b720abdc5faa887,73ee06542e5e028765a412fa5ad7ac03ad8552b13888cb854b720abdc5faa887,d4d0c8d979c060f36afb3ba03ed7048d6246f49cb7d298163e5c3eb4a6d13f22,d4d0c8d979c060f36afb3ba03ed7048d6246f49cb7d298163e5c3eb4a6d13f22
orb,4096,textured,wasm,simd,2000,2000,1193,true,true,false,true,false,0,24000,0,1,128000,1,3579,1,03b056cd317ee8c74016404daeee56f364db05bfd0997396fca63de477c617a7,03b056cd317ee8c74016404daeee56f364db05bfd0997396fca63de477c617a7,f61dbd6b7faa134da02496851598a6ae14e882b3e8c4ef61fe1a91fd41921760,f61dbd6b7faa134da02496851598a6ae14e882b3e8c4ef61fe1a91fd41921760,856ebf5ebc964b5006c1b1699ad2be7d1a5403e64687b31f26649764e4774514,bd2aed08c8845b5673ad8764fdf0c2556bb48e341066d22444b0dc405f3feabc,48334fb186b7df61974e53575d5ceb70548236635c7c21e6de63663b0eeaae07,48334fb186b7df61974e53575d5ceb70548236635c7c21e6de63663b0eeaae07,50414fa9f899b6e29a301728f46bf6e6c2f332fa4e15f5bf831427c709419baf,e62fca5461e1917689b388c881f7417828145f99975b5b9e244da01fd0149ce9
sift,512,textured,wasm,simd,147,147,89,false,false,false,false,false,30,1764,0.743713379,224,150528,13,267,6.195480347,a01b6fe670d2fa56769f99b0e418e410e6d4a9aa5d3ee3ddd9b7c239140faacb,e6e1a7f0d1cce252ba14949a15a82e284bdf9efa501971ec8b1d192369ac5e28,d7730f59ec36c3f6e0f8df1536496db4362af643ea61755dc48765dda7b5baaf,440cb8486d38da31ea4b551017a1d46a22884ece0785961fdf183944ec89e8b0,b02ac601edb2b15861b990c1e6ece94831a46cb33f9f8b152433add884c40b32,dd70ec6d53a833b0e1f31436af4b813857b49c8bc2f9dcfa66db33514762332c,2a456c536f66ad5f8e33745c0192223fc19a5dae408931b1cc43b6d1c24663d4,662dbc616e00d07b8f64e8e91cb599237b62feb55bcb3844eb2bd6ab20efb522,d12789d1d2de3d5ce5305c6a2095625c99e9fdd08f0bdb01bf376db9f04bb539,297a1a7598872af53c1f62ad3d7ede1eb9f868362d5e7ba2723d6509ef6552a0
sift,1024,low-texture,wasm,simd,39,37,24,false,false,true,false,false,6,456,0.000152588,5,38912,2,72,0.077728271,fab3c579ccd25636f9e73adaf637641080f5a4d1dbb4cca9477cd1f7d365c1c0,ea02d3f9ff743b9c3b91a12fd666ff8db3a106af2c2d70acbe694aa3ab61323a,1e839103f2c6ae2c36157913ba66f7783fbc770a77a2dbf9f94fefccc9c2dc95,3fa529636cff96c826f41b0a879a71692c7b8c64a1e047b8c8f65411577b1c88,d8e55ae34b2dc787dc4b9ac4fe7dc2c0c26e597f83652c7b2956b8888380ae98,d8e55ae34b2dc787dc4b9ac4fe7dc2c0c26e597f83652c7b2956b8888380ae98,654228e18c10c9d72ff218d723c915915bc8ad4c17a31e1597ceec275ccd3b11,8f503fd6b722a19cedc67fb237e2373fd67ebc2201ca74b8b0ed31219db19401,c82dfc63bd4a7178d7e643ad0e004112455dc11fdde077c421a4cf39ccf30c8c,a9a0ee4b61de9ccfb8f1256511328aa258e7d84ab7ce9e7b56e45b2cc2fca1e2
sift,1024,noisy,wasm,simd,1010,1041,825,false,false,false,false,false,183,12306,1.757415771,1246,1050112,55,2475,1,fd3fde80e1e15c006b19ba822aec1dbdf677baf350fa069c9d2a7b8e979c913e,ea0c7f33b08fecd8c17a76271ac38005c363fd661c6bde05d28bff7ae2cf1f7d,0b540b3960b9d3e122af24166b8a3141981b72be47fab634d6ea1f9a9b81991b,811d9ea47d26517ce4562094334af6c4098d179fbfd01b5566a69173eade0d35,4aa0a1300fe28642ea6e5ff0c5e3f12d0d038c51f94b4fbc048fd853b5b42c7c,0008cdbd69bf2fe47a11c734bedadfec35f4a6b76d2568b3b10724cfb0388857,65c548011316257fcb85a31b3b0177d23e031df5f41d125e07cf6672284827c2,7a89d997bab3cf7a00f2c6c407dadc7f3304a113d039317a6b4c34ddccb56f39,2327ab3b561699abdb1b58c49ab1e81eb1e84364ce62371be0d70f1f2810565d,d32553ccb23a1b302ce5df0bffe2f165c8ff3852cd0b4dbaf19316d1eeb96e34
sift,1024,textured,wasm,simd,281,276,156,false,false,false,false,false,38,3342,0.417388916,184,285184,27,468,0.965141296,898a56a660951ccbffb54a2df49b40027b8741f0c6729b1424b85fe8493800b4,c9a5e6e024b5dc7cf8a93305ab972fcc9dd0634af0f3a1056676b4f6e99ee661,1bb2db608285c7ecb4d8ffb4d78f52776d547715f7768101c5d148886d44109a,5fc38229e05c4cb952c315560e4ffe7bac5566ebe68121d74e7ddc27d18b2d1e,057aa2c47ff4f6536dcce701de4ca287f3b8b00b68449e3fe33be48a477cb26b,92880990b610ae41db8b991d1209627bcf5ed4642bf4ad7b024c7c4b7951a2b8,035d025fe7050d2e75ce2f938a4604e9067502e0c57993c87ec36d1bd119c1a6,70c5179965cdca8111d212e71957716bf54b61e285350c49d9c17130276293b6,b157670b50dbca317b8710466f8998d0ed50a59a9b96657acb8264e4e7fb4a22,8b38c8511bb35b5b8efa192215e5f38d790abb65c939d2cb08dab971e706684c
sift,2048,textured,wasm,simd,646,614,359,false,false,false,false,false,108,7560,0.493896484,526,645120,47,1077,1.905776978,6c7a88251a1fbac96d79773e7d5c77b6f3be03b74498c8b6308ed56718b381ed,9025c690ebfe5501fae65d1750683e4c5bf21458ee039287f302e06ba33f54b1,215f10b54854948821df46469a4d8391cf7d993551d4227ee9058ba631a86ed6,092de18280cfd2308896aa04bece3e94006d96cc56306cfc47b1c39ac1c549b9,79020dce8559bfa25a85639688c485305634ac91dc67135bba9f6fd73f4ac533,2e7de9bb78c6f9393016cfeaa5fc4a5a6ccda37f42a4980159593633df2c7514,51954111cea43a51400a46736fdff475d5218533ae3aba28846b183271fa31d1,d1a956dd4b4cbc6a87da021e00066bb4a4c4f169e09fb2a9987bdac9ee679151,c5aba19e2a4ff17557ef29480db9fce30758affe62c26fcd6f355980295add5f,9b05e33b6eb925c6c4d72d6db59ade70932408fb2abf26bff9595811f4457c43
sift,4096,textured,wasm,simd,1981,1894,1203,false,false,false,false,false,332,23250,1.001586914,1936,1984000,2171,3609,1610,8556e243ff0ca4442945ace1789db616862e7cbd09d91bffcba8449ef8479463,66346a3ff9499529d6f52cce36cab2d1e25e62a17f19c631d1b24b14f6bcdbed,ce02f941bedf409adf256d7c40f377e7e1df07f131711179ddffc3a60768ed6a,fc39166ade152ec539b74a68ebe968bc08e535a08330cb1120084cd2ed6b794a,8c50e058403a87f76863d7adf47fce2fd1975639e7fc8862dc5d57b983d3a0b6,183267d84a7cff31deffe286ade52e05c51ce65416ab20d8a22f3a7b526453dc,5fd08455290dd444dc0c1cc68b4b354a529b1a2b64e0edb3a79d09d0a4f560c1,fec10ea19543c50790dcee17b08744bb3f1d98cdd6b2fdff5142804ae629cd05,39f2039ee7daad2ed849f659501d2b275dd1674e2a55336671978efbb9c49f16,b12455b386292c1e7a91beba81e14f215f986cc017e5896839f7324d22469513
