scene,condition,algorithm,eye_width,height,analysis_width,analysis_height,correspondences,matches,applied_roll_deg,applied_zoom_pct,applied_dy_px,adopted,reason,recovered_roll_deg,recovered_zoom_pct,best_fit_roll_deg,best_fit_zoom_pct,err_roll_deg,err_zoom_pct,uncorrected_rms_px,uncorrected_p95_px,shift_only_rms_px,shift_only_p95_px,affine_rms_px,affine_p95_px,best_fit_rms_px,best_fit_p95_px,uncorrected_rms_uv,shift_only_rms_uv,affine_rms_uv,best_fit_rms_uv
Adirondack,none,orb,1436,992,1024,353,324011,775,0,0,0,false,already_aligned,,,0,0,,,0,0,0,0,0,0,0,0,0,0,0,0
Adirondack,none,akaze,1436,992,1024,353,324011,147,0,0,0,true,adopted,-0.037494,-0.075597,0,0,0.037494,0.075597,0,0,0.052635,0.052635,0.317968,0.616112,0,0,0,5.306e-5,0.000320532,0
Adirondack,none,sift,1436,992,1024,353,324011,314,0,0,0,true,adopted,-0.017679,-0.061248,0,0,0.017679,0.061248,0,0,0.484332,0.484332,0.408978,0.673103,0,0,0,0.000488238,0.000412276,0
Adirondack,shift-only,orb,1436,992,1024,353,324011,764,0,0,8,false,no_improvement,,,-1.620e-11,-2.616e-11,,,8,8,0.093374,0.093374,0.093374,0.093374,1.155e-10,2.208e-10,0.008064516,9.413e-5,9.413e-5,1.164e-13
Adirondack,shift-only,akaze,1436,992,1024,353,324011,146,0,0,8,false,no_improvement,,,-1.620e-11,-2.616e-11,,,8,8,0.011484,0.011484,0.011484,0.011484,1.155e-10,2.208e-10,0.008064516,1.158e-5,1.158e-5,1.164e-13
Adirondack,shift-only,sift,1436,992,1024,353,324011,309,0,0,8,true,adopted,-0.022675,-0.05124,-1.620e-11,-2.616e-11,0.022675,0.05124,8,8,0.509125,0.509125,0.456593,0.720054,1.155e-10,2.208e-10,0.008064516,0.000513231,0.000460276,1.164e-13
Adirondack,roll-small,orb,1436,992,1024,353,324011,770,1,0,3,true,adopted,0.888802,0.029091,0.989536,0.06911,0.100734,0.040019,12.243949,18.794191,6.599092,12.049711,0.87371,1.64186,0.233589,0.43239,0.01234269,0.006652311,0.000880756,0.000235473
Adirondack,roll-small,akaze,1436,992,1024,353,324011,141,1,0,3,false,poor_spread,,,0.989536,0.06911,,,12.243949,18.794191,6.75937,12.280985,6.75937,12.280985,0.233589,0.43239,0.01234269,0.006813881,0.006813881,0.000235473
Adirondack,roll-small,sift,1436,992,1024,353,324011,298,1,0,3,true,adopted,0.908611,0.043183,0.989536,0.06911,0.080925,0.025927,12.243949,18.794191,5.671254,10.533852,0.725153,1.39186,0.233589,0.43239,0.01234269,0.00571699,0.000731001,0.000235473
Adirondack,roll-large,orb,1436,992,1024,353,324011,761,4,0,-5,true,adopted,3.508642,0.664811,3.958269,0.276862,0.449627,0.387949,34.066795,58.273177,26.634965,48.56115,3.464831,7.35519,0.935783,1.732199,0.034341527,0.026849763,0.003492773,0.000943329
Adirondack,roll-large,akaze,1436,992,1024,353,324011,141,4,0,-5,false,poor_spread,,,3.958269,0.276862,,,34.066795,58.273177,24.248761,44.889145,24.248761,44.889145,0.935783,1.732199,0.034341527,0.024444315,0.024444315,0.000943329
Adirondack,roll-large,sift,1436,992,1024,353,324011,302,4,0,-5,true,adopted,3.631964,0.43336,3.958269,0.276862,0.326305,0.156498,34.066795,58.273177,20.091759,35.820578,2.325277,5.136299,0.935783,1.732199,0.034341527,0.02025379,0.002344029,0.000943329
Adirondack,zoom,orb,1436,992,1024,353,324011,766,0,2,4,true,adopted,0.048189,1.612237,-1.277e-12,2,0.048189,0.387763,15.1821,22.88,5.782716,9.429008,1.161164,1.980192,2.294e-11,3.984e-11,0.015304536,0.005829351,0.001170529,2.313e-14
Adirondack,zoom,akaze,1436,992,1024,353,324011,142,0,2,4,true,adopted,0.076323,1.346224,-1.277e-12,2,0.076323,0.653776,15.1821,22.88,5.784111,9.405417,1.939321,3.270221,2.294e-11,3.984e-11,0.015304536,0.005830757,0.001954961,2.313e-14
Adirondack,zoom,sift,1436,992,1024,353,324011,319,0,2,4,true,adopted,0.010773,1.638959,-1.277e-12,2,0.010773,0.361041,15.1821,22.88,6.731069,12.482631,1.050871,1.730972,2.294e-11,3.984e-11,0.015304536,0.006785352,0.001059346,2.313e-14
Adirondack,roll-and-zoom,orb,1436,992,1024,353,324011,761,2.5,1.5,6,true,adopted,2.309523,1.589681,2.473867,1.672867,0.164344,0.083186,36.519135,54.656199,14.73291,27.678289,1.278591,2.574132,0.584285,1.081551,0.036813644,0.014851724,0.001288902,0.000588997
Adirondack,roll-and-zoom,akaze,1436,992,1024,353,324011,143,2.5,1.5,6,true,adopted,2.301052,1.44151,2.473867,1.672867,0.172815,0.231357,36.519135,54.656199,16.312089,30.519908,1.514897,2.657918,0.584285,1.081551,0.036813644,0.016443638,0.001527114,0.000588997
Adirondack,roll-and-zoom,sift,1436,992,1024,353,324011,318,2.5,1.5,6,true,adopted,2.307073,1.45706,2.473867,1.672867,0.166794,0.215807,36.519135,54.656199,12.963404,23.096807,1.221108,2.049876,0.584285,1.081551,0.036813644,0.013067948,0.001230955,0.000588997
Adirondack,keystone,orb,1436,992,1024,353,324011,716,2,1,4,true,adopted,-0.038099,2.728473,-0.423779,4.821422,0.38568,2.092949,16.38707,31.493962,15.566546,31.361382,9.289236,20.88632,6.326944,13.247947,0.016519224,0.015692083,0.009364149,0.006377967
Adirondack,keystone,akaze,1436,992,1024,353,324011,139,2,1,4,false,poor_spread,,,-0.423779,4.821422,,,16.38707,31.493962,15.642129,31.687007,15.642129,31.687007,6.326944,13.247947,0.016519224,0.015768276,0.015768276,0.006377967
Adirondack,keystone,sift,1436,992,1024,353,324011,305,2,1,4,true,adopted,0.492958,2.864385,-0.423779,4.821422,0.916737,1.957037,16.38707,31.493962,17.355309,36.578555,11.064087,25.965758,6.326944,13.247947,0.016519224,0.017495271,0.011153313,0.006377967
ArtL,none,orb,694,554,1023,408,72869,630,0,0,0,true,adopted,-0.003994,-0.001833,0,0,0.003994,0.001833,0,0,0,0,0.012109,0.022153,0,0,0,0,2.186e-5,0
ArtL,none,akaze,694,554,1023,408,72869,237,0,0,0,true,adopted,-0.010745,-0.004203,0,0,0.010745,0.004203,0,0,0.11886,0.11886,0.114729,0.153694,0,0,0,0.000214549,0.000207092,0
ArtL,none,sift,694,554,1023,408,72869,536,0,0,0,false,already_aligned,,,0,0,,,0,0,0.084347,0.084347,0.084347,0.084347,0,0,0,0.000152251,0.000152251,0
ArtL,shift-only,orb,694,554,1023,408,72869,629,0,0,8,true,adopted,-0.069359,0.056261,1.406e-11,1.812e-11,0.069359,0.056261,8,8,0.147059,0.147059,0.280927,0.544365,4.743e-11,9.002e-11,0.014440433,0.000265449,0.000507088,8.561e-14
ArtL,shift-only,akaze,694,554,1023,408,72869,251,0,0,8,true,adopted,-0.016753,0.061966,1.406e-11,1.812e-11,0.016753,0.061966,8,8,0.149628,0.149628,0.237424,0.393746,4.743e-11,9.002e-11,0.014440433,0.000270087,0.000428564,8.561e-14
ArtL,shift-only,sift,694,554,1023,408,72869,522,0,0,8,false,already_aligned,,,1.406e-11,1.812e-11,,,8,8,0.082602,0.082602,0.082602,0.082602,4.743e-11,9.002e-11,0.014440433,0.000149101,0.000149101,8.561e-14
ArtL,roll-small,orb,694,554,1023,408,72869,612,1,0,3,true,adopted,0.84776,0.075458,1.009556,0.118518,0.161795,0.04306,7.73431,11.374256,2.938334,5.508364,0.48115,0.941743,0.207966,0.387035,0.013960848,0.005303852,0.000868502,0.000375389
ArtL,roll-small,akaze,694,554,1023,408,72869,244,1,0,3,true,adopted,0.798865,0.056106,1.009556,0.118518,0.210691,0.062412,7.73431,11.374256,2.926344,5.483563,0.620208,1.228242,0.207966,0.387035,0.013960848,0.00528221,0.001119509,0.000375389
ArtL,roll-small,sift,694,554,1023,408,72869,507,1,0,3,true,adopted,0.907015,0.119222,1.009556,0.118518,0.102541,0.000704,7.73431,11.374256,2.75018,4.865208,0.367105,0.646517,0.207966,0.387035,0.013960848,0.004964223,0.000662644,0.000375389
ArtL,roll-large,orb,694,554,1023,408,72869,605,4,0,-5,true,adopted,3.516319,0.741122,4.038104,0.474795,0.521785,0.266327,15.963277,28.548144,11.753521,22.030513,1.667572,3.022275,0.833132,1.550504,0.028814579,0.021215741,0.003010058,0.001503848
ArtL,roll-large,akaze,694,554,1023,408,72869,245,4,0,-5,true,adopted,3.4322,0.339911,4.038104,0.474795,0.605904,0.134884,15.963277,28.548144,11.007129,20.264298,1.921355,3.865912,0.833132,1.550504,0.028814579,0.019868463,0.00346815,0.001503848
ArtL,roll-large,sift,694,554,1023,408,72869,498,4,0,-5,true,adopted,3.65403,0.389909,4.038104,0.474795,0.384074,0.084886,15.963277,28.548144,10.947526,19.291188,1.329701,2.432898,0.833132,1.550504,0.028814579,0.019760878,0.002400182,0.001503848
ArtL,zoom,orb,694,554,1023,408,72869,603,0,2,4,true,adopted,-0.069644,1.78305,-5.711e-13,2,0.069644,0.21695,10.10987,14.6,4.305393,7.810784,0.430127,0.841625,3.166e-12,5.849e-12,0.018248863,0.007771467,0.000776403,5.714e-15
ArtL,zoom,akaze,694,554,1023,408,72869,247,0,2,4,true,adopted,-0.013741,1.744311,-5.711e-13,2,0.013741,0.255689,10.10987,14.6,4.542683,8.167152,0.490913,0.896913,3.166e-12,5.849e-12,0.018248863,0.008199789,0.000886125,5.714e-15
ArtL,zoom,sift,694,554,1023,408,72869,506,0,2,4,true,adopted,-0.01457,1.883647,-5.711e-13,2,0.01457,0.116353,10.10987,14.6,4.199403,7.642836,0.192332,0.323255,3.166e-12,5.849e-12,0.018248863,0.00758015,0.00034717,5.714e-15
ArtL,roll-and-zoom,orb,694,554,1023,408,72869,585,2.5,1.5,6,true,adopted,2.149323,1.780748,2.523863,1.796453,0.37454,0.015704,22.010315,32.033695,8.272127,15.739577,1.10917,2.158738,0.520191,0.968105,0.03972981,0.014931638,0.002002112,0.000938974
ArtL,roll-and-zoom,akaze,694,554,1023,408,72869,232,2.5,1.5,6,true,adopted,2.130189,1.560066,2.523863,1.796453,0.393674,0.236387,22.010315,32.033695,7.869603,14.972568,1.331879,2.704715,0.520191,0.968105,0.03972981,0.014205059,0.002404113,0.000938974
ArtL,roll-and-zoom,sift,694,554,1023,408,72869,511,2.5,1.5,6,true,adopted,2.267358,1.689347,2.523863,1.796453,0.256505,0.107106,22.010315,32.033695,6.932507,12.600262,0.881181,1.592782,0.520191,0.968105,0.03972981,0.012513551,0.001590579,0.000938974
ArtL,keystone,orb,694,554,1023,408,72869,592,2,1,4,true,adopted,0.130628,2.428946,0.809411,2.861952,0.678783,0.433006,11.341868,20.468025,6.72563,14.602174,2.503689,5.482922,1.707241,3.562773,0.020472687,0.012140127,0.004519295,0.003081663
ArtL,keystone,akaze,694,554,1023,408,72869,244,2,1,4,true,adopted,0.101547,2.266909,0.809411,2.861952,0.707864,0.595043,11.341868,20.468025,6.944894,14.946815,2.712421,6.205236,1.707241,3.562773,0.020472687,0.012535911,0.004896066,0.003081663
ArtL,keystone,sift,694,554,1023,408,72869,499,2,1,4,true,adopted,0.575846,2.375952,0.809411,2.861952,0.233565,0.486001,11.341868,20.468025,6.255143,13.792515,2.007962,4.331946,1.707241,3.562773,0.020472687,0.011290872,0.00362448,0.003081663
Jadeplant,none,orb,1318,994,1024,386,245768,606,0,0,0,false,out_of_range,,,0,0,,,0,0,0,0,0,0,0,0,0,0,0,0
Jadeplant,none,akaze,1318,994,1024,386,245768,264,0,0,0,false,out_of_range,,,0,0,,,0,0,0.045266,0.045266,0.045266,0.045266,0,0,0,4.554e-5,4.554e-5,0
Jadeplant,none,sift,1318,994,1024,386,245768,576,0,0,0,true,adopted,0.013064,0.0359,0,0,0.013064,0.0359,0,0,0.081887,0.081887,0.192081,0.344434,0,0,0,8.238e-5,0.00019324,0
Jadeplant,shift-only,orb,1318,994,1024,386,245768,602,0,0,8,false,out_of_range,,,1.877e-11,2.703e-11,,,8,8,0.583624,0.583624,0.583624,0.583624,1.281e-10,2.403e-10,0.00804829,0.000587147,0.000587147,1.289e-13
Jadeplant,shift-only,akaze,1318,994,1024,386,245768,262,0,0,8,false,out_of_range,,,1.877e-11,2.703e-11,,,8,8,0.006955,0.006955,0.006955,0.006955,1.281e-10,2.403e-10,0.00804829,6.997e-6,6.997e-6,1.289e-13
Jadeplant,shift-only,sift,1318,994,1024,386,245768,591,0,0,8,true,adopted,0.015486,0.035402,1.877e-11,2.703e-11,0.015486,0.035402,8,8,0.123371,0.123371,0.216792,0.381669,1.281e-10,2.403e-10,0.00804829,0.000124116,0.000218101,1.289e-13
Jadeplant,roll-small,orb,1318,994,1024,386,245768,616,1,0,3,false,out_of_range,,,0.983126,0.197214,,,11.778952,19.080186,7.424124,13.929926,7.424124,13.929926,0.844538,1.842636,0.011850052,0.007468938,0.007468938,0.000849636
Jadeplant,roll-small,akaze,1318,994,1024,386,245768,260,1,0,3,false,out_of_range,,,0.983126,0.197214,,,11.778952,19.080186,4.951683,8.045513,4.951683,8.045513,0.844538,1.842636,0.011850052,0.004981573,0.004981573,0.000849636
Jadeplant,roll-small,sift,1318,994,1024,386,245768,582,1,0,3,true,adopted,0.900781,0.420226,0.983126,0.197214,0.082345,0.223013,11.778952,19.080186,5.003237,8.153847,1.437818,2.485988,0.844538,1.842636,0.011850052,0.005033437,0.001446497,0.000849636
Jadeplant,roll-large,orb,1318,994,1024,386,245768,614,4,0,-5,false,out_of_range,,,3.932703,0.790058,,,32.529422,59.418902,25.794198,50.148429,25.794198,50.148429,3.383306,7.381792,0.032725776,0.025949897,0.025949897,0.003403729
Jadeplant,roll-large,akaze,1318,994,1024,386,245768,250,4,0,-5,false,out_of_range,,,3.932703,0.790058,,,32.529422,59.418902,21.696696,42.505272,21.696696,42.505272,3.383306,7.381792,0.032725776,0.021827662,0.021827662,0.003403729
Jadeplant,roll-large,sift,1318,994,1024,386,245768,577,4,0,-5,true,adopted,3.554715,1.113581,3.932703,0.790058,0.377988,0.323523,32.529422,59.418902,21.153828,36.032749,4.345833,8.289949,3.383306,7.381792,0.032725776,0.021281517,0.004372065,0.003403729
Jadeplant,zoom,orb,1318,994,1024,386,245768,601,0,2,4,false,out_of_range,,,8.775e-13,2,,,15.05822,23.12,5.934863,9.729295,5.934863,9.729295,1.087e-11,1.925e-11,0.015149115,0.005970687,0.005970687,1.094e-14
Jadeplant,zoom,akaze,1318,994,1024,386,245768,261,0,2,4,false,out_of_range,,,8.775e-13,2,,,15.05822,23.12,6.688875,12.005595,6.688875,12.005595,1.087e-11,1.925e-11,0.015149115,0.00672925,0.00672925,1.094e-14
Jadeplant,zoom,sift,1318,994,1024,386,245768,584,0,2,4,true,adopted,0.010032,1.884693,8.775e-13,2,0.010032,0.115307,15.05822,23.12,6.456561,11.470007,0.371301,0.652993,1.087e-11,1.925e-11,0.015149115,0.006495535,0.000373542,1.094e-14
Jadeplant,roll-and-zoom,orb,1318,994,1024,386,245768,630,2.5,1.5,6,false,out_of_range,,,2.457858,1.993297,,,35.282916,55.714073,19.835672,37.688167,19.835672,37.688167,2.112471,4.609047,0.035495891,0.019955405,0.019955405,0.002125222
Jadeplant,roll-and-zoom,akaze,1318,994,1024,386,245768,240,2.5,1.5,6,false,out_of_range,,,2.457858,1.993297,,,35.282916,55.714073,14.685263,29.040514,14.685263,29.040514,2.112471,4.609047,0.035495891,0.014773907,0.014773907,0.002125222
Jadeplant,roll-and-zoom,sift,1318,994,1024,386,245768,581,2.5,1.5,6,true,adopted,2.256289,2.218129,2.457858,1.993297,0.201569,0.224832,35.282916,55.714073,13.758834,24.089779,3.102585,5.216904,2.112471,4.609047,0.035495891,0.013841886,0.003121313,0.002125222
Jadeplant,keystone,orb,1318,994,1024,386,245768,581,2,1,4,false,out_of_range,,,-0.187728,4.257363,,,15.633368,31.970718,14.006754,28.047103,14.006754,28.047103,5.946748,11.825667,0.015727734,0.014091302,0.014091302,0.005982644
Jadeplant,keystone,akaze,1318,994,1024,386,245768,255,2,1,4,true,adopted,1.493067,5.176374,-0.187728,4.257363,1.680795,0.91901,15.633368,31.970718,14.372618,28.607999,12.350071,27.098439,5.946748,11.825667,0.015727734,0.014459374,0.012424619,0.005982644
Jadeplant,keystone,sift,1318,994,1024,386,245768,583,2,1,4,true,adopted,-0.07984,4.445925,-0.187728,4.257363,0.107888,0.188561,15.633368,31.970718,14.45856,28.741514,6.016666,11.852811,5.946748,11.825667,0.015727734,0.014545835,0.006052984,0.005982644
Motorcycle,none,orb,1482,994,1024,343,317632,974,0,0,0,false,already_aligned,,,0,0,,,0,0,0,0,0,0,0,0,0,0,0,0
Motorcycle,none,akaze,1482,994,1024,343,317632,591,0,0,0,true,adopted,0.001436,-0.020691,0,0,0.001436,0.020691,0,0,0.576598,0.576598,0.579303,0.670896,0,0,0,0.000580079,0.000582799,0
Motorcycle,none,sift,1482,994,1024,343,317632,834,0,0,0,false,already_aligned,,,0,0,,,0,0,0.612504,0.612504,0.612504,0.612504,0,0,0,0.000616202,0.000616202,0
Motorcycle,shift-only,orb,1482,994,1024,343,317632,929,0,0,8,false,no_improvement,,,2.410e-11,3.471e-11,,,8,8,0.78893,0.78893,0.78893,0.78893,1.632e-10,3.110e-10,0.00804829,0.000793692,0.000793692,1.642e-13
Motorcycle,shift-only,akaze,1482,994,1024,343,317632,585,0,0,8,true,adopted,0.009553,-0.020261,2.410e-11,3.471e-11,0.009553,0.020261,8,8,0.595404,0.595404,0.602219,0.727313,1.632e-10,3.110e-10,0.00804829,0.000598998,0.000605854,1.642e-13
Motorcycle,shift-only,sift,1482,994,1024,343,317632,839,0,0,8,false,already_aligned,,,2.410e-11,3.471e-11,,,8,8,0.631796,0.631796,0.631796,0.631796,1.632e-10,3.110e-10,0.00804829,0.00063561,0.00063561,1.642e-13
Motorcycle,roll-small,orb,1482,994,1024,343,317632,923,1,0,3,true,adopted,0.724369,0.183094,0.992349,0.090336,0.26798,0.092758,12.157524,18.765308,4.944124,8.749935,1.600208,3.179577,0.264452,0.500152,0.01223091,0.004973968,0.001609867,0.000266049
Motorcycle,roll-small,akaze,1482,994,1024,343,317632,598,1,0,3,true,adopted,0.86748,0.161413,0.992349,0.090336,0.124869,0.071077,12.157524,18.765308,4.997617,8.961524,0.956132,1.936807,0.264452,0.500152,0.01223091,0.005027783,0.000961903,0.000266049
Motorcycle,roll-small,sift,1482,994,1024,343,317632,840,1,0,3,true,adopted,0.885407,0.076743,0.992349,0.090336,0.106943,0.013593,12.157524,18.765308,4.828124,8.036047,0.83751,1.637717,0.264452,0.500152,0.01223091,0.004857267,0.000842566,0.000266049
Motorcycle,roll-large,orb,1482,994,1024,343,317632,911,4,0,-5,true,adopted,3.183197,0.99557,3.969489,0.361895,0.786292,0.633675,33.751505,58.157467,19.44764,33.119102,4.726841,9.467856,1.059423,2.003663,0.033955237,0.019565031,0.004755373,0.001065818
Motorcycle,roll-large,akaze,1482,994,1024,343,317632,592,4,0,-5,true,adopted,3.523378,0.599675,3.969489,0.361895,0.446112,0.237779,33.751505,58.157467,19.739084,34.753537,2.717214,5.672418,1.059423,2.003663,0.033955237,0.019858234,0.002733615,0.001065818
Motorcycle,roll-large,sift,1482,994,1024,343,317632,828,4,0,-5,true,adopted,3.608634,0.442438,3.969489,0.361895,0.360855,0.080543,33.751505,58.157467,19.264751,31.610819,2.224594,4.589306,1.059423,2.003663,0.033955237,0.019381037,0.002238022,0.001065818
Motorcycle,zoom,orb,1482,994,1024,343,317632,935,0,2,4,true,adopted,0.106398,1.431535,1.818e-12,2,0.106398,0.568465,15.035519,22.96,6.121383,10.941579,2.010697,3.798345,2.438e-11,4.323e-11,0.015126277,0.006158333,0.002022834,2.453e-14
Motorcycle,zoom,akaze,1482,994,1024,343,317632,599,0,2,4,true,adopted,0.041302,1.729983,1.818e-12,2,0.041302,0.270017,15.035519,22.96,6.03035,10.610664,1.008044,1.886742,2.438e-11,4.323e-11,0.015126277,0.006066751,0.001014129,2.453e-14
Motorcycle,zoom,sift,1482,994,1024,343,317632,828,0,2,4,true,adopted,0.005407,1.735484,1.818e-12,2,0.005407,0.264516,15.035519,22.96,5.844204,9.464773,0.858992,1.578468,2.438e-11,4.323e-11,0.015126277,0.005879481,0.000864177,2.453e-14
Motorcycle,roll-and-zoom,orb,1482,994,1024,343,317632,896,2.5,1.5,6,true,adopted,2.10065,1.713757,2.480893,1.72596,0.380243,0.012203,36.196295,55.084367,13.17651,24.018915,2.302554,4.614925,0.661483,1.251048,0.036414784,0.013256047,0.002316453,0.000665476
Motorcycle,roll-and-zoom,akaze,1482,994,1024,343,317632,586,2.5,1.5,6,true,adopted,2.220602,1.671116,2.480893,1.72596,0.260291,0.054845,36.196295,55.084367,13.452925,25.070264,1.678936,3.423182,0.661483,1.251048,0.036414784,0.01353413,0.001689071,0.000665476
Motorcycle,roll-and-zoom,sift,1482,994,1024,343,317632,835,2.5,1.5,6,true,adopted,2.249337,1.59452,2.480893,1.72596,0.231557,0.131441,36.196295,55.084367,12.944466,23.210192,1.470112,2.964174,0.661483,1.251048,0.036414784,0.013022601,0.001478986,0.000665476
Motorcycle,keystone,orb,1482,994,1024,343,317632,849,2,1,4,true,adopted,-0.095045,4.154354,-0.512123,4.869195,0.417078,0.714841,16.482598,31.902545,16.247542,31.701507,7.226545,15.291483,6.519734,13.530751,0.01658209,0.016345615,0.007270166,0.006559088
Motorcycle,keystone,akaze,1482,994,1024,343,317632,556,2,1,4,true,adopted,-0.043244,3.961189,-0.512123,4.869195,0.468879,0.908006,16.482598,31.902545,15.99502,31.555529,7.453267,15.868987,6.519734,13.530751,0.01658209,0.01609157,0.007498256,0.006559088
Motorcycle,keystone,sift,1482,994,1024,343,317632,814,2,1,4,true,adopted,0.116501,4.349398,-0.512123,4.869195,0.628624,0.519797,16.482598,31.902545,16.023121,32.13695,7.374113,15.784464,6.519734,13.530751,0.01658209,0.01611984,0.007418625,0.006559088
MotorcycleE,none,orb,1482,994,1024,343,317632,816,0,0,0,false,already_aligned,,,0,0,,,0,0,0,0,0,0,0,0,0,0,0,0
MotorcycleE,none,akaze,1482,994,1024,343,317632,429,0,0,0,true,adopted,0.005599,-0.025181,0,0,0.005599,0.025181,0,0,0.372017,0.372017,0.357125,0.476714,0,0,0,0.000374263,0.000359281,0
MotorcycleE,none,sift,1482,994,1024,343,317632,699,0,0,0,true,adopted,-0.006759,-0.022487,0,0,0.006759,0.022487,0,0,0.411019,0.411019,0.406514,0.51857,0,0,0,0.0004135,0.000408968,0
MotorcycleE,shift-only,orb,1482,994,1024,343,317632,831,0,0,8,true,adopted,-0.065553,-0.007083,2.410e-11,3.471e-11,0.065553,0.007083,8,8,0.346092,0.346092,0.546624,0.934603,1.632e-10,3.110e-10,0.00804829,0.000348181,0.000549923,1.642e-13
MotorcycleE,shift-only,akaze,1482,994,1024,343,317632,447,0,0,8,true,adopted,-0.00018,-0.005227,2.410e-11,3.471e-11,0.00018,0.005227,8,8,0.465443,0.465443,0.492574,0.516021,1.632e-10,3.110e-10,0.00804829,0.000468253,0.000495547,1.642e-13
MotorcycleE,shift-only,sift,1482,994,1024,343,317632,664,0,0,8,true,adopted,-0.010233,-0.028588,2.410e-11,3.471e-11,0.010233,0.028588,8,8,0.463276,0.463276,0.389188,0.535947,1.632e-10,3.110e-10,0.00804829,0.000466073,0.000391537,1.642e-13
MotorcycleE,roll-small,orb,1482,994,1024,343,317632,796,1,0,3,true,adopted,0.66716,0.279325,0.992349,0.090336,0.325189,0.188989,12.157524,18.765308,4.871541,8.381411,1.796425,3.46022,0.264452,0.500152,0.01223091,0.004900946,0.001807268,0.000266049
MotorcycleE,roll-small,akaze,1482,994,1024,343,317632,438,1,0,3,true,adopted,0.839489,0.185352,0.992349,0.090336,0.15286,0.095016,12.157524,18.765308,4.942186,8.741577,1.043565,2.142782,0.264452,0.500152,0.01223091,0.004972018,0.001049864,0.000266049
MotorcycleE,roll-small,sift,1482,994,1024,343,317632,680,1,0,3,true,adopted,0.871137,0.117511,0.992349,0.090336,0.121212,0.027175,12.157524,18.765308,4.821248,7.952074,0.854452,1.725985,0.264452,0.500152,0.01223091,0.00485035,0.00085961,0.000266049
MotorcycleE,roll-large,orb,1482,994,1024,343,317632,806,4,0,-5,true,adopted,3.094109,0.939176,3.969489,0.361895,0.875381,0.577281,33.751505,58.157467,19.342367,32.197659,4.954321,9.75287,1.059423,2.003663,0.033955237,0.019459122,0.004984227,0.001065818
MotorcycleE,roll-large,akaze,1482,994,1024,343,317632,435,4,0,-5,true,adopted,3.458414,0.648538,3.969489,0.361895,0.511075,0.286643,33.751505,58.157467,19.438083,33.048749,2.958723,6.033429,1.059423,2.003663,0.033955237,0.019555415,0.002976583,0.001065818
MotorcycleE,roll-large,sift,1482,994,1024,343,317632,671,4,0,-5,true,adopted,3.573758,0.491881,3.969489,0.361895,0.395731,0.129985,33.751505,58.157467,19.262809,31.63845,2.369794,4.877024,1.059423,2.003663,0.033955237,0.019379084,0.002384099,0.001065818
MotorcycleE,zoom,orb,1482,994,1024,343,317632,794,0,2,4,true,adopted,0.071753,1.491625,1.818e-12,2,0.071753,0.508375,15.035519,22.96,5.990197,10.440839,1.71112,3.181753,2.438e-11,4.323e-11,0.015126277,0.006026355,0.001721449,2.453e-14
MotorcycleE,zoom,akaze,1482,994,1024,343,317632,424,0,2,4,true,adopted,0.063297,1.703594,1.818e-12,2,0.063297,0.296406,15.035519,22.96,5.965189,10.323835,1.011611,1.905755,2.438e-11,4.323e-11,0.015126277,0.006001196,0.001017717,2.453e-14
MotorcycleE,zoom,sift,1482,994,1024,343,317632,709,0,2,4,true,adopted,0.011236,1.735552,1.818e-12,2,0.011236,0.264448,15.035519,22.96,5.864421,9.477775,0.805913,1.426127,2.438e-11,4.323e-11,0.015126277,0.005899819,0.000810778,2.453e-14
MotorcycleE,roll-and-zoom,orb,1482,994,1024,343,317632,801,2.5,1.5,6,true,adopted,2.069546,1.771468,2.480893,1.72596,0.411348,0.045507,36.196295,55.084367,12.911202,23.069997,2.386417,4.789764,0.661483,1.251048,0.036414784,0.012989137,0.002400822,0.000665476
MotorcycleE,roll-and-zoom,akaze,1482,994,1024,343,317632,428,2.5,1.5,6,true,adopted,2.22678,1.633528,2.480893,1.72596,0.254113,0.092433,36.196295,55.084367,13.194571,24.083884,1.509404,3.034044,0.661483,1.251048,0.036414784,0.013274216,0.001518515,0.000665476
MotorcycleE,roll-and-zoom,sift,1482,994,1024,343,317632,683,2.5,1.5,6,true,adopted,2.239569,1.62829,2.480893,1.72596,0.241324,0.097671,36.196295,55.084367,12.903923,23.017929,1.476369,2.985247,0.661483,1.251048,0.036414784,0.012981813,0.001485281,0.000665476
MotorcycleE,keystone,orb,1482,994,1024,343,317632,797,2,1,4,true,adopted,-0.190186,4.296243,-0.512123,4.869195,0.321937,0.572952,16.482598,31.902545,15.928348,31.5477,7.015873,14.657803,6.519734,13.530751,0.01658209,0.016024495,0.007058222,0.006559088
MotorcycleE,keystone,akaze,1482,994,1024,343,317632,385,2,1,4,true,adopted,-0.032669,4.085818,-0.512123,4.869195,0.479454,0.783377,16.482598,31.902545,16.0141,31.56385,7.38642,15.714468,6.519734,13.530751,0.01658209,0.016110765,0.007431006,0.006559088
MotorcycleE,keystone,sift,1482,994,1024,343,317632,661,2,1,4,true,adopted,0.202827,4.32064,-0.512123,4.869195,0.714951,0.548555,16.482598,31.902545,16.152966,32.542771,7.659169,16.694402,6.519734,13.530751,0.01658209,0.016250468,0.007705402,0.006559088
Piano,none,orb,1414,962,1024,348,293751,829,0,0,0,false,already_aligned,,,0,0,,,0,0,0,0,0,0,0,0,0,0,0,0
Piano,none,akaze,1414,962,1024,348,293751,208,0,0,0,false,already_aligned,,,0,0,,,0,0,0.109375,0.109375,0.109375,0.109375,0,0,0,0.000113696,0.000113696,0
Piano,none,sift,1414,962,1024,348,293751,312,0,0,0,true,adopted,-0.004146,0.084606,0,0,0.004146,0.084606,0,0,0.01063,0.01063,0.238439,0.390576,0,0,0,1.105e-5,0.000247857,0
Piano,shift-only,orb,1414,962,1024,348,293751,772,0,0,8,true,adopted,0.009308,0.134382,-9.011e-12,-3.722e-11,0.009308,0.134382,8,8,0.293103,0.293103,0.410473,0.745249,1.146e-10,2.053e-10,0.008316008,0.000304681,0.000426687,1.191e-13
Piano,shift-only,akaze,1414,962,1024,348,293751,200,0,0,8,true,adopted,0.044477,0.031898,-9.011e-12,-3.722e-11,0.044477,0.031898,8,8,0.092557,0.092557,0.222585,0.404154,1.146e-10,2.053e-10,0.008316008,9.621e-5,0.000231378,1.191e-13
Piano,shift-only,sift,1414,962,1024,348,293751,294,0,0,8,true,adopted,-0.007267,0.089579,-9.011e-12,-3.722e-11,0.007267,0.089579,8,8,0.015637,0.015637,0.254089,0.422452,1.146e-10,2.053e-10,0.008316008,1.626e-5,0.000264126,1.191e-13
Piano,roll-small,orb,1414,962,1024,348,293751,791,1,0,3,true,adopted,0.885369,0.075983,1.006973,0.019769,0.121603,0.056214,11.989263,17.984379,4.594295,8.086008,0.593208,1.035254,0.173603,0.346827,0.012462851,0.004775775,0.00061664,0.00018046
Piano,roll-small,akaze,1414,962,1024,348,293751,198,1,0,3,true,adopted,0.896853,0.004823,1.006973,0.019769,0.11012,0.014945,11.989263,17.984379,4.530191,7.607265,0.526306,0.918368,0.173603,0.346827,0.012462851,0.004709138,0.000547096,0.00018046
Piano,roll-small,sift,1414,962,1024,348,293751,301,1,0,3,true,adopted,0.86196,0.004905,1.006973,0.019769,0.145012,0.014863,11.989263,17.984379,4.572547,7.956871,0.677149,1.243395,0.173603,0.346827,0.012462851,0.004753168,0.000703897,0.00018046
Piano,roll-large,orb,1414,962,1024,348,293751,755,4,0,-5,true,adopted,3.580478,-0.060918,4.027805,0.079195,0.447328,0.140114,32.897257,55.028985,18.92819,34.587973,2.173766,4.122755,0.695471,1.389423,0.034196733,0.019675873,0.002259632,0.000722943
Piano,roll-large,akaze,1414,962,1024,348,293751,192,4,0,-5,true,adopted,3.594555,-0.096357,4.027805,0.079195,0.43325,0.175553,32.897257,55.028985,18.304558,31.78714,2.144654,4.190999,0.695471,1.389423,0.034196733,0.019027607,0.00222937,0.000722943
Piano,roll-large,sift,1414,962,1024,348,293751,276,4,0,-5,true,adopted,3.549152,-0.148294,4.027805,0.079195,0.478653,0.227489,32.897257,55.028985,18.107025,30.121441,2.365385,4.545084,0.695471,1.389423,0.034196733,0.018822271,0.00245882,0.000722943
Piano,zoom,orb,1414,962,1024,348,293751,778,0,2,4,true,adopted,-0.014419,1.762602,2.421e-11,2,0.014419,0.237398,14.875836,22.4,5.645964,9.370456,0.670813,1.097422,1.285e-10,2.375e-10,0.015463447,0.005868986,0.00069731,1.336e-13
Piano,zoom,akaze,1414,962,1024,348,293751,199,0,2,4,false,poor_spread,,,2.421e-11,2,,,14.875836,22.4,5.970047,10.832468,5.970047,10.832468,1.285e-10,2.375e-10,0.015463447,0.00620587,0.00620587,1.336e-13
Piano,zoom,sift,1414,962,1024,348,293751,305,0,2,4,true,adopted,-0.04659,1.908817,2.421e-11,2,0.04659,0.091183,14.875836,22.4,5.621427,9.156143,0.332471,0.627686,1.285e-10,2.375e-10,0.015463447,0.00584348,0.000345604,1.336e-13
Piano,roll-and-zoom,orb,1414,962,1024,348,293751,761,2.5,1.5,6,true,adopted,2.185262,1.235613,2.517413,1.549448,0.332151,0.313836,35.735478,53.107262,12.522317,22.660231,1.821056,3.539465,0.434238,0.867529,0.037147067,0.013016961,0.00189299,0.000451391
Piano,roll-and-zoom,akaze,1414,962,1024,348,293751,192,2.5,1.5,6,true,adopted,2.213159,1.113584,2.517413,1.549448,0.304254,0.435864,35.735478,53.107262,12.401104,22.34117,1.906308,3.547587,0.434238,0.867529,0.037147067,0.012890961,0.001981609,0.000451391
Piano,roll-and-zoom,sift,1414,962,1024,348,293751,275,2.5,1.5,6,true,adopted,2.156584,1.224965,2.517413,1.549448,0.360829,0.324483,35.735478,53.107262,12.23596,21.893826,1.930491,3.647831,0.434238,0.867529,0.037147067,0.012719293,0.002006747,0.000451391
Piano,keystone,orb,1414,962,1024,348,293751,688,2,1,4,true,adopted,-0.009399,4.316341,-0.360894,4.869899,0.351495,0.553559,15.992292,30.647027,15.181474,30.368551,6.283168,13.254886,5.85917,12.306805,0.016624004,0.015781158,0.00653136,0.006090613
Piano,keystone,akaze,1414,962,1024,348,293751,183,2,1,4,false,poor_spread,,,-0.360894,4.869899,,,15.992292,30.647027,15.379827,30.961227,15.379827,30.961227,5.85917,12.306805,0.016624004,0.015987346,0.015987346,0.006090613
Piano,keystone,sift,1414,962,1024,348,293751,289,2,1,4,true,adopted,0.087327,4.373588,-0.360894,4.869899,0.44822,0.496311,15.992292,30.647027,14.961741,29.643272,6.741483,13.901802,5.85917,12.306805,0.016624004,0.015552746,0.007007778,0.006090613
PianoL,none,orb,1414,962,1024,348,293751,375,0,0,0,true,adopted,-0.019131,0.217342,0,0,0.019131,0.217342,0,0,0,0,0.936669,1.669621,0,0,0,0,0.000973668,0
PianoL,none,akaze,1414,962,1024,348,293751,132,0,0,0,true,adopted,0.081594,0.211899,0,0,0.081594,0.211899,0,0,0.201329,0.201329,0.807374,1.550951,0,0,0,0.000209282,0.000839266,0
PianoL,none,sift,1414,962,1024,348,293751,174,0,0,0,true,adopted,-0.015754,0.090162,0,0,0.015754,0.090162,0,0,0.179965,0.179965,0.297589,0.550856,0,0,0,0.000187074,0.000309344,0
PianoL,shift-only,orb,1414,962,1024,348,293751,361,0,0,8,true,adopted,-0.083087,0.356803,-9.011e-12,-3.722e-11,0.083087,0.356803,8,8,0.038607,0.038607,1.577209,2.887712,1.146e-10,2.053e-10,0.008316008,4.013e-5,0.001639511,1.191e-13
PianoL,shift-only,akaze,1414,962,1024,348,293751,122,0,0,8,true,adopted,0.093516,0.208772,-9.011e-12,-3.722e-11,0.093516,0.208772,8,8,0.330478,0.330478,0.822451,1.585723,1.146e-10,2.053e-10,0.008316008,0.000343532,0.000854938,1.191e-13
PianoL,shift-only,sift,1414,962,1024,348,293751,175,0,0,8,true,adopted,-0.024335,0.071929,-9.011e-12,-3.722e-11,0.024335,0.071929,8,8,0.250068,0.250068,0.320471,0.602236,1.146e-10,2.053e-10,0.008316008,0.000259946,0.00033313,1.191e-13
PianoL,roll-small,orb,1414,962,1024,348,293751,378,1,0,3,true,adopted,0.940187,0.296631,1.006973,0.019769,0.066785,0.276862,11.989263,17.984379,5.153855,9.359565,1.123744,2.071359,0.173603,0.346827,0.012462851,0.005357438,0.001168133,0.00018046
PianoL,roll-small,akaze,1414,962,1024,348,293751,128,1,0,3,true,adopted,0.974088,0.214545,1.006973,0.019769,0.032885,0.194776,11.989263,17.984379,5.571926,10.140439,0.811047,1.459211,0.173603,0.346827,0.012462851,0.005792023,0.000843084,0.00018046
PianoL,roll-small,sift,1414,962,1024,348,293751,182,1,0,3,true,adopted,0.969557,0.092822,1.006973,0.019769,0.037416,0.073054,11.989263,17.984379,5.523943,10.057775,0.376551,0.72992,0.173603,0.346827,0.012462851,0.005742145,0.000391425,0.00018046
PianoL,roll-large,orb,1414,962,1024,348,293751,387,4,0,-5,true,adopted,3.774762,0.256371,4.027805,0.079195,0.253043,0.177176,32.897257,55.028985,18.121695,30.0879,1.770637,3.012011,0.695471,1.389423,0.034196733,0.01883752,0.001840579,0.000722943
PianoL,roll-large,akaze,1414,962,1024,348,293751,129,4,0,-5,true,adopted,3.822956,0.082833,4.027805,0.079195,0.204849,0.003638,32.897257,55.028985,22.563403,41.03237,1.382959,2.208142,0.695471,1.389423,0.034196733,0.023454681,0.001437588,0.000722943
PianoL,roll-large,sift,1414,962,1024,348,293751,172,4,0,-5,true,adopted,3.824158,0.013019,4.027805,0.079195,0.203647,0.066177,32.897257,55.028985,23.745032,42.929224,1.17037,2.151706,0.695471,1.389423,0.034196733,0.024682986,0.001216601,0.000722943
PianoL,zoom,orb,1414,962,1024,348,293751,389,0,2,4,true,adopted,-0.11869,1.813936,2.421e-11,2,0.11869,0.186064,14.875836,22.4,5.811492,10.299322,0.909044,1.780115,1.285e-10,2.375e-10,0.015463447,0.006041052,0.000944952,1.336e-13
PianoL,zoom,akaze,1414,962,1024,348,293751,127,0,2,4,true,adopted,0.02707,1.718832,2.421e-11,2,0.02707,0.281168,14.875836,22.4,5.66396,9.530364,0.799528,1.338959,1.285e-10,2.375e-10,0.015463447,0.005887692,0.00083111,1.336e-13
PianoL,zoom,sift,1414,962,1024,348,293751,183,0,2,4,true,adopted,-0.025431,1.899492,2.421e-11,2,0.025431,0.100508,14.875836,22.4,5.969598,10.831139,0.544495,0.940561,1.285e-10,2.375e-10,0.015463447,0.006205403,0.000566004,1.336e-13
PianoL,roll-and-zoom,orb,1414,962,1024,348,293751,381,2.5,1.5,6,true,adopted,2.171776,1.248678,2.517413,1.549448,0.345637,0.30077,35.735478,53.107262,12.375033,22.272625,1.889356,3.246829,0.434238,0.867529,0.037147067,0.01286386,0.001963987,0.000451391
PianoL,roll-and-zoom,akaze,1414,962,1024,348,293751,132,2.5,1.5,6,true,adopted,2.371967,1.213055,2.517413,1.549448,0.145446,0.336393,35.735478,53.107262,14.216398,26.877572,1.290271,2.211378,0.434238,0.867529,0.037147067,0.01477796,0.001341238,0.000451391
PianoL,roll-and-zoom,sift,1414,962,1024,348,293751,174,2.5,1.5,6,true,adopted,2.283295,1.328657,2.517413,1.549448,0.234118,0.220791,35.735478,53.107262,12.690129,23.185381,1.302373,2.390596,0.434238,0.867529,0.037147067,0.013191402,0.001353818,0.000451391
PianoL,keystone,orb,1414,962,1024,348,293751,354,2,1,4,true,adopted,-0.264744,3.961135,-0.360894,4.869899,0.09615,0.908764,15.992292,30.647027,15.856865,32.484689,6.873744,14.133348,5.85917,12.306805,0.016624004,0.016483228,0.007145264,0.006090613
PianoL,keystone,akaze,1414,962,1024,348,293751,120,2,1,4,true,adopted,-0.254675,3.108199,-0.360894,4.869899,0.106219,1.7617,15.992292,30.647027,15.110173,30.156036,7.686278,16.914113,5.85917,12.306805,0.016624004,0.015707041,0.007989894,0.006090613
PianoL,keystone,sift,1414,962,1024,348,293751,166,2,1,4,true,adopted,-0.93207,3.969587,-0.360894,4.869899,0.571176,0.900312,15.992292,30.647027,15.168344,29.624758,8.763646,18.883526,5.85917,12.306805,0.016624004,0.015767509,0.009109819,0.006090613
Pipes,none,orb,1470,970,1023,337,282010,681,0,0,0,true,adopted,0.001539,0.013646,0,0,0.001539,0.013646,0,0,0,0,0.039032,0.065852,0,0,0,0,4.024e-5,0
Pipes,none,akaze,1470,970,1023,337,282010,385,0,0,0,true,adopted,0.032163,0.0812,0,0,0.032163,0.0812,0,0,0.541884,0.541884,0.458214,0.831219,0,0,0,0.000558644,0.000472386,0
Pipes,none,sift,1470,970,1023,337,282010,573,0,0,0,true,adopted,0.005612,0.188144,0,0,0.005612,0.188144,0,0,0.32246,0.32246,0.577839,1.102416,0,0,0,0.000332433,0.00059571,0
Pipes,shift-only,orb,1470,970,1023,337,282010,679,0,0,8,true,adopted,0.022875,0.187437,1.760e-12,2.684e-12,0.022875,0.187437,8,8,0.401189,0.401189,0.601502,1.145943,1.167e-11,2.270e-11,0.008247423,0.000413597,0.000620106,1.203e-14
Pipes,shift-only,akaze,1470,970,1023,337,282010,386,0,0,8,true,adopted,0.031916,0.071429,1.760e-12,2.684e-12,0.031916,0.071429,8,8,0.481233,0.481233,0.392282,0.728604,1.167e-11,2.270e-11,0.008247423,0.000496116,0.000404414,1.203e-14
Pipes,shift-only,sift,1470,970,1023,337,282010,594,0,0,8,true,adopted,0.010193,0.193276,1.760e-12,2.684e-12,0.010193,0.193276,8,8,0.199464,0.199464,0.594187,1.130763,1.167e-11,2.270e-11,0.008247423,0.000205633,0.000612564,1.203e-14
Pipes,roll-small,orb,1470,970,1023,337,282010,696,1,0,3,true,adopted,0.883972,-0.02916,1.004233,0.041553,0.120261,0.070713,12.270137,18.4613,4.675839,7.820897,1.089808,1.857879,0.309711,0.637271,0.012649626,0.004820453,0.001123513,0.00031929
Pipes,roll-small,akaze,1470,970,1023,337,282010,383,1,0,3,true,adopted,0.880316,-0.033116,1.004233,0.041553,0.123918,0.074669,12.270137,18.4613,4.984581,8.850921,1.065623,1.843057,0.309711,0.637271,0.012649626,0.005138743,0.00109858,0.00031929
Pipes,roll-small,sift,1470,970,1023,337,282010,577,1,0,3,true,adopted,0.893067,0.234578,1.004233,0.041553,0.111167,0.193024,12.270137,18.4613,4.696134,7.738542,0.84267,1.660209,0.309711,0.637271,0.012649626,0.004841375,0.000868732,0.00031929
Pipes,roll-large,orb,1470,970,1023,337,282010,692,4,0,-5,true,adopted,3.484803,-0.344251,4.016881,0.166466,0.532079,0.510717,34.042183,56.93958,18.723109,31.247266,3.819885,6.983341,1.240734,2.552976,0.035095034,0.019302174,0.003938026,0.001279108
Pipes,roll-large,akaze,1470,970,1023,337,282010,364,4,0,-5,true,adopted,3.5712,-0.326224,4.016881,0.166466,0.445681,0.49269,34.042183,56.93958,19.223042,32.876121,3.363855,6.062086,1.240734,2.552976,0.035095034,0.01981757,0.003467892,0.001279108
Pipes,roll-large,sift,1470,970,1023,337,282010,581,4,0,-5,true,adopted,3.601787,0.3724,4.016881,0.166466,0.415094,0.205934,34.042183,56.93958,18.721493,31.228532,2.418853,4.460114,1.240734,2.552976,0.035095034,0.019300508,0.002493663,0.001279108
Pipes,zoom,orb,1470,970,1023,337,282010,694,0,2,4,true,adopted,0.006602,1.761754,-7.714e-13,2,0.006602,0.238246,15.338699,22.52,6.818714,12.157965,1.218798,2.003912,4.991e-12,9.807e-12,0.015813092,0.007029602,0.001256493,5.146e-15
Pipes,zoom,akaze,1470,970,1023,337,282010,392,0,2,4,true,adopted,-0.012666,1.741201,-7.714e-13,2,0.012666,0.258799,15.338699,22.52,5.94952,10.311306,0.975356,1.721818,4.991e-12,9.807e-12,0.015813092,0.006133526,0.001005521,5.146e-15
Pipes,zoom,sift,1470,970,1023,337,282010,582,0,2,4,true,adopted,0.00365,1.990622,-7.714e-13,2,0.00365,0.009378,15.338699,22.52,5.657907,9.243425,0.262732,0.311312,4.991e-12,9.807e-12,0.015813092,0.005832893,0.000270858,5.146e-15
Pipes,roll-and-zoom,orb,1470,970,1023,337,282010,666,2.5,1.5,6,true,adopted,2.146429,0.895616,2.510572,1.603938,0.364143,0.708323,36.786107,54.370972,12.85133,23.064635,3.481952,6.362382,0.77469,1.594029,0.037923822,0.013248794,0.003589641,0.00079865
Pipes,roll-and-zoom,akaze,1470,970,1023,337,282010,357,2.5,1.5,6,true,adopted,2.172554,1.082117,2.510572,1.603938,0.338018,0.521821,36.786107,54.370972,13.709533,25.38055,2.825453,5.155297,0.77469,1.594029,0.037923822,0.014133539,0.002912839,0.00079865
Pipes,roll-and-zoom,sift,1470,970,1023,337,282010,566,2.5,1.5,6,true,adopted,2.225951,1.669074,2.510572,1.603938,0.284621,0.065135,36.786107,54.370972,12.647129,22.81409,1.570845,2.799702,0.77469,1.594029,0.037923822,0.013038278,0.001619428,0.00079865
Pipes,keystone,orb,1470,970,1023,337,282010,683,2,1,4,true,adopted,-0.983145,4.189418,-0.406805,5.06062,0.57634,0.871202,16.604648,31.556491,16.604648,31.556491,7.462333,15.928833,6.11872,12.905305,0.017118193,0.017118193,0.007693127,0.006307959
Pipes,keystone,akaze,1470,970,1023,337,282010,376,2,1,4,true,adopted,-0.948208,3.810326,-0.406805,5.06062,0.541403,1.250294,16.604648,31.556491,15.679629,30.461925,8.011358,17.470577,6.11872,12.905305,0.017118193,0.016164566,0.008259132,0.006307959
Pipes,keystone,sift,1470,970,1023,337,282010,550,2,1,4,true,adopted,-0.5241,4.772416,-0.406805,5.06062,0.117296,0.288204,16.604648,31.556491,15.487359,30.493766,6.199911,13.145992,6.11872,12.905305,0.017118193,0.01596635,0.006391661,0.006307959
Playroom,none,orb,1398,952,1024,348,267731,766,0,0,0,false,already_aligned,,,0,0,,,0,0,0,0,0,0,0,0,0,0,0,0
Playroom,none,akaze,1398,952,1024,348,267731,401,0,0,0,true,adopted,0.004892,-0.017433,0,0,0.004892,0.017433,0,0,0.237854,0.237854,0.21745,0.293036,0,0,0,0.000249846,0.000228414,0
Playroom,none,sift,1398,952,1024,348,267731,685,0,0,0,false,already_aligned,,,0,0,,,0,0,0.218313,0.218313,0.218313,0.218313,0,0,0,0.00022932,0.00022932,0
Playroom,shift-only,orb,1398,952,1024,348,267731,725,0,0,8,false,no_improvement,,,-5.402e-13,3.742e-13,,,8,8,0.206897,0.206897,0.206897,0.206897,2.911e-12,5.437e-12,0.008403361,0.000217328,0.000217328,3.058e-15
Playroom,shift-only,akaze,1398,952,1024,348,267731,400,0,0,8,true,adopted,0.008029,-0.00858,-5.402e-13,3.742e-13,0.008029,0.00858,8,8,0.260514,0.260514,0.241965,0.307335,2.911e-12,5.437e-12,0.008403361,0.00027365,0.000254165,3.058e-15
Playroom,shift-only,sift,1398,952,1024,348,267731,683,0,0,8,false,already_aligned,,,-5.402e-13,3.742e-13,,,8,8,0.200781,0.200781,0.200781,0.200781,2.911e-12,5.437e-12,0.008403361,0.000210904,0.000210904,3.058e-15
Playroom,roll-small,orb,1398,952,1024,348,267731,760,1,0,3,true,adopted,0.844189,0.097149,1.013475,0.080883,0.169286,0.016266,12.01999,18.039733,4.97064,9.28967,0.854556,1.491511,0.30597,0.502713,0.01262604,0.00522126,0.000897643,0.000321397
Playroom,roll-small,akaze,1398,952,1024,348,267731,396,1,0,3,true,adopted,0.807852,0.124955,1.013475,0.080883,0.205622,0.044072,12.01999,18.039733,4.950517,9.239245,0.977347,1.827995,0.30597,0.502713,0.01262604,0.005200122,0.001026625,0.000321397
Playroom,roll-small,sift,1398,952,1024,348,267731,691,1,0,3,true,adopted,0.845824,0.119612,1.013475,0.080883,0.16765,0.03873,12.01999,18.039733,4.904188,9.118729,0.814721,1.576958,0.30597,0.502713,0.01262604,0.005151458,0.0008558,0.000321397
Playroom,roll-large,orb,1398,952,1024,348,267731,763,4,0,-5,true,adopted,3.306486,0.566796,4.053731,0.324025,0.747245,0.24277,33.034251,55.250742,21.153251,39.928222,3.65351,7.002585,1.225749,2.013921,0.034699844,0.022219802,0.00383772,0.001287551
Playroom,roll-large,akaze,1398,952,1024,348,267731,386,4,0,-5,true,adopted,3.392346,0.594395,4.053731,0.324025,0.661385,0.27037,33.034251,55.250742,19.275835,35.471936,3.294505,6.530523,1.225749,2.013921,0.034699844,0.020247726,0.003460614,0.001287551
Playroom,roll-large,sift,1398,952,1024,348,267731,678,4,0,-5,true,adopted,3.46031,0.464026,4.053731,0.324025,0.593421,0.14,33.034251,55.250742,19.86746,37.102051,2.974174,5.671082,1.225749,2.013921,0.034699844,0.020869181,0.003124132,0.001287551
Playroom,zoom,orb,1398,952,1024,348,267731,777,0,2,4,true,adopted,-0.023856,1.735715,8.024e-13,2,0.023856,0.264285,15.022396,22.2,5.532058,9.025747,0.820684,1.4541,4.439e-12,8.535e-12,0.015779827,0.005810985,0.000862063,4.663e-15
Playroom,zoom,akaze,1398,952,1024,348,267731,395,0,2,4,true,adopted,0.008155,1.774158,8.024e-13,2,0.008155,0.225842,15.022396,22.2,5.523844,9.020175,0.637088,1.056659,4.439e-12,8.535e-12,0.015779827,0.005802358,0.00066921,4.663e-15
Playroom,zoom,sift,1398,952,1024,348,267731,665,0,2,4,true,adopted,0.007521,1.775822,8.024e-13,2,0.007521,0.224178,15.022396,22.2,5.938534,11.119863,0.624211,1.020077,4.439e-12,8.535e-12,0.015779827,0.006237956,0.000655683,4.663e-15
Playroom,roll-and-zoom,orb,1398,952,1024,348,267731,754,2.5,1.5,6,true,adopted,2.052515,1.604609,2.53365,1.702315,0.481135,0.097706,35.995051,53.221198,13.701508,25.979296,2.314181,4.26423,0.765334,1.257453,0.037809928,0.01439234,0.002430862,0.000803922
Playroom,roll-and-zoom,akaze,1398,952,1024,348,267731,387,2.5,1.5,6,true,adopted,2.146372,1.67964,2.53365,1.702315,0.387278,0.022675,35.995051,53.221198,12.803989,23.401742,1.898174,3.480306,0.765334,1.257453,0.037809928,0.013449568,0.001993881,0.000803922
Playroom,roll-and-zoom,sift,1398,952,1024,348,267731,651,2.5,1.5,6,true,adopted,2.139805,1.664159,2.53365,1.702315,0.393845,0.038156,35.995051,53.221198,13.934772,26.502141,1.943005,3.675796,0.765334,1.257453,0.037809928,0.014637366,0.002040971,0.000803922
Playroom,keystone,orb,1398,952,1024,348,267731,671,2,1,4,true,adopted,-0.712045,4.506538,-0.349525,4.815497,0.36252,0.308959,16.071538,30.652402,14.839837,29.099035,6.122354,12.793108,5.800825,12.244762,0.016881867,0.015588064,0.006431044,0.006093304
Playroom,keystone,akaze,1398,952,1024,348,267731,362,2,1,4,true,adopted,-0.601724,4.626643,-0.349525,4.815497,0.252199,0.188855,16.071538,30.652402,14.563436,29.059389,5.949085,12.507295,5.800825,12.244762,0.016881867,0.015297727,0.006249039,0.006093304
Playroom,keystone,sift,1398,952,1024,348,267731,641,2,1,4,true,adopted,-0.486084,4.329662,-0.349525,4.815497,0.136559,0.485836,16.071538,30.652402,15.41,31.77599,6.072269,12.67068,5.800825,12.244762,0.016881867,0.016186975,0.006378434,0.006093304
Playtable,none,orb,1360,926,1024,348,271385,829,0,0,0,false,already_aligned,,,0,0,,,0,0,0,0,0,0,0,0,0,0,0,0
Playtable,none,akaze,1360,926,1024,348,271385,400,0,0,0,true,adopted,0.076693,-0.042585,0,0,0.076693,0.042585,0,0,0.520076,0.520076,0.7405,1.221381,0,0,0,0.000561637,0.000799676,0
Playtable,none,sift,1360,926,1024,348,271385,432,0,0,0,true,adopted,0.020679,0.004705,0,0,0.020679,0.004705,0,0,0.556832,0.556832,0.600536,0.736678,0,0,0,0.00060133,0.000648527,0
Playtable,shift-only,orb,1360,926,1024,348,271385,810,0,0,8,false,no_improvement,,,5.108e-12,8.131e-12,,,8,8,0.017241,0.017241,0.017241,0.017241,3.418e-11,6.576e-11,0.008639309,1.862e-5,1.862e-5,3.691e-14
Playtable,shift-only,akaze,1360,926,1024,348,271385,406,0,0,8,true,adopted,0.06563,-0.034435,5.108e-12,8.131e-12,0.06563,0.034435,8,8,0.51871,0.51871,0.705399,1.122712,3.418e-11,6.576e-11,0.008639309,0.000560162,0.00076177,3.691e-14
Playtable,shift-only,sift,1360,926,1024,348,271385,436,0,0,8,true,adopted,0.02157,-0.014963,5.108e-12,8.131e-12,0.02157,0.014963,8,8,0.591064,0.591064,0.660435,0.820927,3.418e-11,6.576e-11,0.008639309,0.000638298,0.000713213,3.691e-14
Playtable,roll-small,orb,1360,926,1024,348,271385,830,1,0,3,true,adopted,0.753964,0.174755,0.99464,0.069719,0.240676,0.105036,11.60168,17.580289,4.596503,8.045747,1.145611,2.114816,0.19945,0.387626,0.012528812,0.004963826,0.00123716,0.000215389
Playtable,roll-small,akaze,1360,926,1024,348,271385,387,1,0,3,true,adopted,0.89945,0.084813,0.99464,0.069719,0.09519,0.015094,11.60168,17.580289,4.441953,7.275574,0.595373,1.077542,0.19945,0.387626,0.012528812,0.004796926,0.000642952,0.000215389
Playtable,roll-small,sift,1360,926,1024,348,271385,456,1,0,3,true,adopted,0.899054,0.08337,0.99464,0.069719,0.095586,0.013651,11.60168,17.580289,4.441613,7.277218,0.655802,1.16903,0.19945,0.387626,0.012528812,0.004796558,0.00070821,0.000215389
Playtable,roll-large,orb,1360,926,1024,348,271385,823,4,0,-5,true,adopted,3.35096,0.561053,3.978623,0.279303,0.627663,0.28175,31.438302,53.410158,18.291519,31.731151,3.252336,6.097543,0.799019,1.552868,0.03395065,0.01975326,0.003512242,0.000862871
Playtable,roll-large,akaze,1360,926,1024,348,271385,385,4,0,-5,true,adopted,3.581021,0.206788,3.978623,0.279303,0.397602,0.072515,31.438302,53.410158,18.125337,30.944368,1.9673,3.234298,0.799019,1.552868,0.03395065,0.019573798,0.002124514,0.000862871
Playtable,roll-large,sift,1360,926,1024,348,271385,431,4,0,-5,true,adopted,3.619099,0.282184,3.978623,0.279303,0.359525,0.00288,31.438302,53.410158,17.875967,29.207143,1.827447,3.053949,0.799019,1.552868,0.03395065,0.0193045,0.001973485,0.000862871
Playtable,zoom,orb,1360,926,1024,348,271385,810,0,2,4,true,adopted,0.070543,1.638763,-9.878e-13,2,0.070543,0.361237,14.318893,21.68,5.868079,10.446902,1.172261,2.164185,3.518e-11,5.766e-11,0.015463167,0.006337019,0.001265941,3.799e-14
Playtable,zoom,akaze,1360,926,1024,348,271385,397,0,2,4,true,adopted,0.06499,1.58909,-9.878e-13,2,0.06499,0.41091,14.318893,21.68,6.068031,10.95429,1.554891,2.829126,3.518e-11,5.766e-11,0.015463167,0.006552949,0.001679148,3.799e-14
Playtable,zoom,sift,1360,926,1024,348,271385,423,0,2,4,true,adopted,0.059751,1.573806,-9.878e-13,2,0.059751,0.426194,14.318893,21.68,7.742004,13.81741,1.95665,3.38956,3.518e-11,5.766e-11,0.015463167,0.008360696,0.002113013,3.799e-14
Playtable,roll-and-zoom,orb,1360,926,1024,348,271385,807,2.5,1.5,6,true,adopted,2.068389,1.597255,2.486613,1.674392,0.418225,0.077137,34.374564,51.300356,12.034802,21.336054,2.050254,3.547015,0.498892,0.969581,0.03712156,0.012996546,0.002214097,0.00053876
Playtable,roll-and-zoom,akaze,1360,926,1024,348,271385,389,2.5,1.5,6,true,adopted,2.204613,1.354571,2.486613,1.674392,0.282,0.31982,34.374564,51.300356,11.977348,21.186431,1.655633,2.866451,0.498892,0.969581,0.03712156,0.012934501,0.00178794,0.00053876
Playtable,roll-and-zoom,sift,1360,926,1024,348,271385,431,2.5,1.5,6,true,adopted,2.24308,1.41188,2.486613,1.674392,0.243534,0.262512,34.374564,51.300356,12.331024,22.253791,1.70221,3.061095,0.498892,0.969581,0.03712156,0.013316441,0.00183824,0.00053876
Playtable,keystone,orb,1360,926,1024,348,271385,831,2,1,4,true,adopted,-0.24248,3.547497,-0.351319,4.645555,0.108839,1.098058,15.218473,29.127954,14.480369,28.896495,6.485473,13.930576,5.602851,11.60272,0.016434637,0.015637547,0.007003751,0.006050595
Playtable,keystone,akaze,1360,926,1024,348,271385,382,2,1,4,true,adopted,-0.130261,3.817195,-0.351319,4.645555,0.221058,0.828359,15.218473,29.127954,14.815553,29.789808,6.164174,12.998696,5.602851,11.60272,0.016434637,0.015999517,0.006656776,0.006050595
Playtable,keystone,sift,1360,926,1024,348,271385,414,2,1,4,true,adopted,0.649839,2.714984,-0.351319,4.645555,1.001158,1.93057,15.218473,29.127954,16.340018,33.378719,10.673943,24.660269,5.602851,11.60272,0.016434637,0.017645807,0.011526936,0.006050595
PlaytableP,none,orb,1362,924,1024,347,271679,831,0,0,0,false,already_aligned,,,0,0,,,0,0,0,0,0,0,0,0,0,0,0,0
PlaytableP,none,akaze,1362,924,1024,347,271679,384,0,0,0,true,adopted,0.059995,-0.080021,0,0,0.059995,0.080021,0,0,0.073959,0.073959,0.457652,0.873503,0,0,0,8.004e-5,0.000495295,0
PlaytableP,none,sift,1362,924,1024,347,271679,447,0,0,0,false,already_aligned,,,0,0,,,0,0,0.023221,0.023221,0.023221,0.023221,0,0,0,2.513e-5,2.513e-5,0
PlaytableP,shift-only,orb,1362,924,1024,347,271679,800,0,0,8,false,no_improvement,,,1.096e-11,1.624e-11,,,8,8,0.011527,0.011527,0.011527,0.011527,7.008e-11,1.343e-10,0.008658009,1.248e-5,1.248e-5,7.585e-14
PlaytableP,shift-only,akaze,1362,924,1024,347,271679,384,0,0,8,true,adopted,0.028546,-0.087763,1.096e-11,1.624e-11,0.028546,0.087763,8,8,0.071341,0.071341,0.388687,0.717426,7.008e-11,1.343e-10,0.008658009,7.721e-5,0.000420657,7.585e-14
PlaytableP,shift-only,sift,1362,924,1024,347,271679,447,0,0,8,false,already_aligned,,,1.096e-11,1.624e-11,,,8,8,0.022484,0.022484,0.022484,0.022484,7.008e-11,1.343e-10,0.008658009,2.433e-5,2.433e-5,7.585e-14
PlaytableP,roll-small,orb,1362,924,1024,347,271679,824,1,0,3,true,adopted,0.810126,0.109022,0.99475,0.069345,0.184624,0.039677,11.578435,17.54289,4.677155,8.340146,0.977375,1.805581,0.197595,0.382984,0.012530774,0.005061856,0.001057765,0.000213847
PlaytableP,roll-small,akaze,1362,924,1024,347,271679,391,1,0,3,true,adopted,0.892775,0.029248,0.99475,0.069345,0.101975,0.040096,11.578435,17.54289,4.449184,7.269464,0.507391,0.827603,0.197595,0.382984,0.012530774,0.004815134,0.000549125,0.000213847
PlaytableP,roll-small,sift,1362,924,1024,347,271679,440,1,0,3,true,adopted,0.875739,0.057623,0.99475,0.069345,0.119011,0.011722,11.578435,17.54289,4.432903,7.258809,0.566971,0.936948,0.197595,0.382984,0.012530774,0.004797514,0.000613604,0.000213847
PlaytableP,roll-large,orb,1362,924,1024,347,271679,827,4,0,-5,true,adopted,3.375508,0.485726,3.979064,0.277803,0.603556,0.207923,31.346763,53.260335,18.32473,31.957742,3.097708,5.734342,0.791587,1.534273,0.033925068,0.019831959,0.003352498,0.000856695
PlaytableP,roll-large,akaze,1362,924,1024,347,271679,378,4,0,-5,true,adopted,3.536839,0.196555,3.979064,0.277803,0.442225,0.081248,31.346763,53.260335,18.13936,31.137514,2.186112,3.662453,0.791587,1.534273,0.033925068,0.019631342,0.002365922,0.000856695
PlaytableP,roll-large,sift,1362,924,1024,347,271679,434,4,0,-5,true,adopted,3.580117,0.311772,3.979064,0.277803,0.398948,0.033969,31.346763,53.260335,17.762991,29.097263,1.965686,3.404339,0.791587,1.534273,0.033925068,0.019224016,0.002127366,0.000856695
PlaytableP,zoom,orb,1362,924,1024,347,271679,826,0,2,4,true,adopted,0.039425,1.635325,-3.907e-12,2,0.039425,0.364675,14.285494,21.64,5.584984,9.476196,1.047303,1.806009,1.998e-11,3.733e-11,0.015460491,0.006044355,0.001133445,2.163e-14
PlaytableP,zoom,akaze,1362,924,1024,347,271679,393,0,2,4,true,adopted,0.044242,1.579378,-3.907e-12,2,0.044242,0.420622,14.285494,21.64,6.003218,10.806268,1.285737,2.314461,1.998e-11,3.733e-11,0.015460491,0.006496989,0.00139149,2.163e-14
PlaytableP,zoom,sift,1362,924,1024,347,271679,433,0,2,4,true,adopted,0.050116,1.5443,-3.907e-12,2,0.050116,0.4557,14.285494,21.64,7.542778,13.519292,1.65059,2.987991,1.998e-11,3.733e-11,0.015460491,0.00816318,0.001786353,2.163e-14
PlaytableP,roll-and-zoom,orb,1362,924,1024,347,271679,840,2.5,1.5,6,true,adopted,2.128413,1.60798,2.486889,1.673455,0.358476,0.065475,34.293414,51.183475,11.935946,21.097415,1.783857,3.094592,0.494251,0.95797,0.037114084,0.01291769,0.001930581,0.000534904
PlaytableP,roll-and-zoom,akaze,1362,924,1024,347,271679,389,2.5,1.5,6,true,adopted,2.200893,1.310997,2.486889,1.673455,0.285997,0.362458,34.293414,51.183475,11.930942,21.087322,1.681733,2.923095,0.494251,0.95797,0.037114084,0.012912274,0.001820057,0.000534904
PlaytableP,roll-and-zoom,sift,1362,924,1024,347,271679,447,2.5,1.5,6,true,adopted,2.251581,1.446995,2.486889,1.673455,0.235309,0.22646,34.293414,51.183475,12.164451,21.766135,1.351715,2.267841,0.494251,0.95797,0.037114084,0.01316499,0.001462895,0.000534904
PlaytableP,keystone,orb,1362,924,1024,347,271679,803,2,1,4,true,adopted,-0.242998,3.550346,-0.357703,4.645965,0.114705,1.095619,15.164582,29.016255,14.462596,28.878081,6.440329,13.813865,5.588689,11.565577,0.016411885,0.015652161,0.006970053,0.006048365
PlaytableP,keystone,akaze,1362,924,1024,347,271679,376,2,1,4,true,adopted,-0.169337,3.668505,-0.357703,4.645965,0.188366,0.97746,15.164582,29.016255,14.816767,29.823904,6.276945,13.354694,5.588689,11.565577,0.016411885,0.016035463,0.00679323,0.006048365
PlaytableP,keystone,sift,1362,924,1024,347,271679,437,2,1,4,true,adopted,0.750691,2.515364,-0.357703,4.645965,1.108394,2.130601,15.164582,29.016255,16.497142,33.67065,11.341458,26.163985,5.588689,11.565577,0.016411885,0.017854049,0.012274306,0.006048365
Recycle,none,orb,1440,972,1024,345,317166,398,0,0,0,false,already_aligned,,,0,0,,,0,0,0,0,0,0,0,0,0,0,0,0
Recycle,none,akaze,1440,972,1024,345,317166,106,0,0,0,true,adopted,-0.01304,0.001526,0,0,0.01304,0.001526,0,0,0.103993,0.103993,0.064933,0.113363,0,0,0,0.000106988,6.680e-5,0
Recycle,none,sift,1440,972,1024,345,317166,195,0,0,0,true,adopted,-0.019754,0.053831,0,0,0.019754,0.053831,0,0,0.118824,0.118824,0.216668,0.416934,0,0,0,0.000122247,0.00022291,0
Recycle,shift-only,orb,1440,972,1024,345,317166,384,0,0,8,false,no_improvement,,,-1.691e-11,-2.825e-11,,,8,8,0.412688,0.412688,0.412688,0.412688,1.220e-10,2.365e-10,0.008230453,0.000424576,0.000424576,1.255e-13
Recycle,shift-only,akaze,1440,972,1024,345,317166,96,0,0,8,true,adopted,-0.016351,-0.000215,-1.691e-11,-2.825e-11,0.016351,0.000215,8,8,0.031388,0.031388,0.079347,0.128892,1.220e-10,2.365e-10,0.008230453,3.229e-5,8.163e-5,1.255e-13
Recycle,shift-only,sift,1440,972,1024,345,317166,191,0,0,8,true,adopted,-0.012018,0.052889,-1.691e-11,-2.825e-11,0.012018,0.052889,8,8,0.13292,0.13292,0.202988,0.382048,1.220e-10,2.365e-10,0.008230453,0.000136749,0.000208835,1.255e-13
Recycle,roll-small,orb,1440,972,1024,345,317166,368,1,0,3,true,adopted,0.926859,-0.039031,0.990112,0.01514,0.063254,0.054171,12.139001,18.600469,5.519489,10.18777,0.507647,0.918353,0.242648,0.496491,0.012488685,0.005678487,0.00052227,0.000249638
Recycle,roll-small,akaze,1440,972,1024,345,317166,99,1,0,3,true,adopted,0.824161,-0.040964,0.990112,0.01514,0.165952,0.056104,12.139001,18.600469,5.296401,9.705111,0.994854,1.866125,0.242648,0.496491,0.012488685,0.005448972,0.001023512,0.000249638
Recycle,roll-small,sift,1440,972,1024,345,317166,183,1,0,3,true,adopted,0.862552,-0.014959,0.990112,0.01514,0.12756,0.0301,12.139001,18.600469,5.351512,9.831502,0.905853,1.679243,0.242648,0.496491,0.012488685,0.005505671,0.000931947,0.000249638
Recycle,roll-large,orb,1440,972,1024,345,317166,353,4,0,-5,true,adopted,3.341676,-0.029023,3.960568,0.060653,0.618892,0.089676,33.669963,57.497107,22.041706,40.671731,3.905208,7.368623,0.972072,1.988995,0.03463988,0.022676652,0.004017704,0.001000074
Recycle,roll-large,akaze,1440,972,1024,345,317166,95,4,0,-5,true,adopted,3.217381,-0.215722,3.960568,0.060653,0.743188,0.276375,33.669963,57.497107,21.668213,39.890485,4.363487,8.161223,0.972072,1.988995,0.03463988,0.022292401,0.004489184,0.001000074
Recycle,roll-large,sift,1440,972,1024,345,317166,179,4,0,-5,true,adopted,3.39495,0.146013,3.960568,0.060653,0.565618,0.08536,33.669963,57.497107,21.456406,39.425656,3.547686,6.834049,0.972072,1.988995,0.03463988,0.022074492,0.003649883,0.001000074
Recycle,zoom,orb,1440,972,1024,345,317166,367,0,2,4,true,adopted,-0.038099,1.837977,1.320e-13,2,0.038099,0.162023,14.856668,22.52,5.692136,9.605351,0.602903,1.137209,1.377e-12,2.678e-12,0.015284638,0.005856107,0.000620271,1.416e-15
Recycle,zoom,akaze,1440,972,1024,345,317166,96,0,2,4,true,adopted,-0.05058,1.8061,1.320e-13,2,0.05058,0.1939,14.856668,22.52,5.688278,9.579299,0.602351,1.093655,1.377e-12,2.678e-12,0.015284638,0.005852138,0.000619702,1.416e-15
Recycle,zoom,sift,1440,972,1024,345,317166,198,0,2,4,true,adopted,-0.070632,1.902612,1.320e-13,2,0.070632,0.097388,14.856668,22.52,7.694093,14.017356,0.722645,1.302048,1.377e-12,2.678e-12,0.015284638,0.007915733,0.000743462,1.416e-15
Recycle,roll-and-zoom,orb,1440,972,1024,345,317166,370,2.5,1.5,6,true,adopted,2.126263,1.392839,2.475307,1.53787,0.349044,0.145032,36.021561,53.919954,13.475862,24.709246,2.125859,3.97158,0.606943,1.24189,0.03705922,0.013864056,0.002187098,0.000624427
Recycle,roll-and-zoom,akaze,1440,972,1024,345,317166,97,2.5,1.5,6,true,adopted,2.003733,1.260097,2.475307,1.53787,0.471574,0.277774,36.021561,53.919954,13.302933,24.160861,2.738564,5.072809,0.606943,1.24189,0.03705922,0.013686145,0.002817453,0.000624427
Recycle,roll-and-zoom,sift,1440,972,1024,345,317166,171,2.5,1.5,6,true,adopted,2.233147,1.424579,2.475307,1.53787,0.24216,0.113292,36.021561,53.919954,13.172584,23.713597,1.54743,2.856452,0.606943,1.24189,0.03705922,0.013552041,0.001592006,0.000624427
Recycle,keystone,orb,1440,972,1024,345,317166,391,2,1,4,true,adopted,-1.225792,3.581396,-0.474616,4.885345,0.751176,1.303949,16.062831,31.13463,16.094375,33.25957,8.478717,19.343239,6.246812,13.061492,0.016525546,0.016557999,0.008722959,0.006426761
Recycle,keystone,akaze,1440,972,1024,345,317166,89,2,1,4,true,adopted,-1.292977,3.455407,-0.474616,4.885345,0.818361,1.429938,16.062831,31.13463,16.034592,33.064503,8.764241,20.098269,6.246812,13.061492,0.016525546,0.016496493,0.009016709,0.006426761
Recycle,keystone,sift,1440,972,1024,345,317166,189,2,1,4,true,adopted,-1.701347,3.716045,-0.474616,4.885345,1.226731,1.1693,16.062831,31.13463,15.542983,30.668166,9.955568,22.907894,6.246812,13.061492,0.016525546,0.015990724,0.010242354,0.006426761
Shelves,none,orb,1476,994,1024,344,304580,1077,0,0,0,false,already_aligned,,,0,0,,,0,0,0,0,0,0,0,0,0,0,0,0
Shelves,none,akaze,1476,994,1024,344,304580,274,0,0,0,false,already_aligned,,,0,0,,,0,0,0.221733,0.221733,0.221733,0.221733,0,0,0,0.000223071,0.000223071,0
Shelves,none,sift,1476,994,1024,344,304580,312,0,0,0,false,already_aligned,,,0,0,,,0,0,0.18818,0.18818,0.18818,0.18818,0,0,0,0.000189315,0.000189315,0
Shelves,shift-only,orb,1476,994,1024,344,304580,1010,0,0,8,false,no_improvement,,,2.176e-11,3.447e-11,,,8,8,0.321875,0.321875,0.321875,0.321875,1.546e-10,2.978e-10,0.00804829,0.000323817,0.000323817,1.555e-13
Shelves,shift-only,akaze,1476,994,1024,344,304580,269,0,0,8,false,already_aligned,,,2.176e-11,3.447e-11,,,8,8,0.254282,0.254282,0.254282,0.254282,1.546e-10,2.978e-10,0.00804829,0.000255817,0.000255817,1.555e-13
Shelves,shift-only,sift,1476,994,1024,344,304580,321,0,0,8,false,already_aligned,,,2.176e-11,3.447e-11,,,8,8,0.16189,0.16189,0.16189,0.16189,1.546e-10,2.978e-10,0.00804829,0.000162867,0.000162867,1.555e-13
Shelves,roll-small,orb,1476,994,1024,344,304580,1009,1,0,3,true,adopted,0.795997,-0.053597,0.981379,0.021446,0.185383,0.075042,11.952827,18.594987,4.843365,8.220204,0.928943,1.540861,0.153323,0.361103,0.012024977,0.004872601,0.00093455,0.000154249
Shelves,roll-small,akaze,1476,994,1024,344,304580,270,1,0,3,true,adopted,0.797041,-0.045222,0.981379,0.021446,0.184338,0.066667,11.952827,18.594987,4.881851,8.391133,0.920454,1.526169,0.153323,0.361103,0.012024977,0.004911319,0.00092601,0.000154249
Shelves,roll-small,sift,1476,994,1024,344,304580,321,1,0,3,true,adopted,0.861427,-0.05713,0.981379,0.021446,0.119952,0.078576,11.952827,18.594987,4.756247,7.839751,0.660182,1.189192,0.153323,0.361103,0.012024977,0.004784956,0.000664167,0.000154249
Shelves,roll-large,orb,1476,994,1024,344,304580,1021,4,0,-5,true,adopted,3.323838,-0.041154,3.925738,0.085914,0.6019,0.127068,32.95697,57.475146,19.584426,33.727106,3.009399,4.846915,0.61423,1.446615,0.033155906,0.019702642,0.003027564,0.000617937
Shelves,roll-large,akaze,1476,994,1024,344,304580,264,4,0,-5,true,adopted,3.299594,-0.132431,3.925738,0.085914,0.626143,0.218345,32.95697,57.475146,19.820747,34.608834,3.159637,5.160779,0.61423,1.446615,0.033155906,0.01994039,0.003178709,0.000617937
Shelves,roll-large,sift,1476,994,1024,344,304580,313,4,0,-5,true,adopted,3.480392,0.003454,3.925738,0.085914,0.445346,0.08246,32.95697,57.475146,19.279417,32.288765,2.253649,3.767562,0.61423,1.446615,0.033155906,0.019395792,0.002267253,0.000617937
Shelves,zoom,orb,1476,994,1024,344,304580,1000,0,2,4,true,adopted,-0.011277,1.696773,-6.348e-13,2,0.011277,0.303227,14.988781,22.96,5.981192,10.477188,0.892869,1.497222,4.242e-12,8.153e-12,0.015079256,0.006017296,0.000898259,4.267e-15
Shelves,zoom,akaze,1476,994,1024,344,304580,259,0,2,4,true,adopted,-0.03789,1.70816,-6.348e-13,2,0.03789,0.29184,14.988781,22.96,5.853999,9.65172,0.899154,1.595416,4.242e-12,8.153e-12,0.015079256,0.005889335,0.000904582,4.267e-15
Shelves,zoom,sift,1476,994,1024,344,304580,310,0,2,4,true,adopted,-0.001731,1.733577,-6.348e-13,2,0.001731,0.266423,14.988781,22.96,5.841276,9.484048,0.782381,1.307887,4.242e-12,8.153e-12,0.015079256,0.005876535,0.000787104,4.267e-15
Shelves,roll-and-zoom,orb,1476,994,1024,344,304580,1008,2.5,1.5,6,true,adopted,2.028864,1.226747,2.453496,1.553643,0.424633,0.326896,35.60163,53.769413,12.86508,22.956051,2.296029,4.016266,0.383513,0.903238,0.035816529,0.012942737,0.002309888,0.000385828
Shelves,roll-and-zoom,akaze,1476,994,1024,344,304580,259,2.5,1.5,6,true,adopted,2.008809,1.194603,2.453496,1.553643,0.444687,0.35904,35.60163,53.769413,12.872389,22.971874,2.41691,4.242368,0.383513,0.903238,0.035816529,0.01295009,0.002431499,0.000385828
Shelves,roll-and-zoom,sift,1476,994,1024,344,304580,312,2.5,1.5,6,true,adopted,2.163419,1.316636,2.453496,1.553643,0.290077,0.237007,35.60163,53.769413,12.978254,23.217676,1.595756,2.780816,0.383513,0.903238,0.035816529,0.013056594,0.001605388,0.000385828
Shelves,keystone,orb,1476,994,1024,344,304580,888,2,1,4,true,adopted,-0.63835,4.608667,-0.558428,4.822176,0.079922,0.213509,16.309744,31.681968,15.816523,31.404015,6.515095,13.630814,6.45662,13.557248,0.016408194,0.015911995,0.006554421,0.006495594
Shelves,keystone,akaze,1476,994,1024,344,304580,235,2,1,4,true,adopted,-0.660013,4.890954,-0.558428,4.822176,0.101584,0.068778,16.309744,31.681968,15.858258,32.345037,6.514601,13.59554,6.45662,13.557248,0.016408194,0.015953981,0.006553924,0.006495594
Shelves,keystone,sift,1476,994,1024,344,304580,292,2,1,4,true,adopted,-0.466455,4.537356,-0.558428,4.822176,0.091974,0.28482,16.309744,31.681968,15.913451,32.57662,6.53012,13.731262,6.45662,13.557248,0.016408194,0.016009508,0.006569537,0.006495594
Teddy,none,orb,900,750,1024,426,146546,916,0,0,0,false,already_aligned,,,0,0,,,0,0,0,0,0,0,0,0,0,0,0,0
Teddy,none,akaze,900,750,1024,426,146546,306,0,0,0,false,already_aligned,,,0,0,,,0,0,0.114703,0.114703,0.114703,0.114703,0,0,0,0.000152937,0.000152937,0
Teddy,none,sift,900,750,1024,426,146546,526,0,0,0,false,already_aligned,,,0,0,,,0,0,0.147225,0.147225,0.147225,0.147225,0,0,0,0.0001963,0.0001963,0
Teddy,shift-only,orb,900,750,1024,426,146546,883,0,0,8,false,no_improvement,,,1.126e-11,1.538e-11,,,8,8,0.45071,0.45071,0.45071,0.45071,5.579e-11,1.067e-10,0.010666667,0.000600946,0.000600946,7.439e-14
Teddy,shift-only,akaze,900,750,1024,426,146546,299,0,0,8,true,adopted,0.004675,0.048635,1.126e-11,1.538e-11,0.004675,0.048635,8,8,0.103089,0.103089,0.116013,0.206652,5.579e-11,1.067e-10,0.010666667,0.000137451,0.000154684,7.439e-14
Teddy,shift-only,sift,900,750,1024,426,146546,509,0,0,8,false,already_aligned,,,1.126e-11,1.538e-11,,,8,8,0.155474,0.155474,0.155474,0.155474,5.579e-11,1.067e-10,0.010666667,0.000207298,0.000207298,7.439e-14
Teddy,roll-small,orb,900,750,1024,426,146546,912,1,0,3,true,adopted,0.726801,0.163748,0.990101,0.098604,0.2633,0.065144,9.78446,14.658529,4.639944,8.543572,1.131142,2.211437,0.144374,0.282408,0.013045947,0.006186592,0.00150819,0.000192499
Teddy,roll-small,akaze,900,750,1024,426,146546,300,1,0,3,true,adopted,0.769905,0.219793,0.990101,0.098604,0.220196,0.121189,9.78446,14.658529,3.735597,6.788689,0.869146,1.704826,0.144374,0.282408,0.013045947,0.004980796,0.001158862,0.000192499
Teddy,roll-small,sift,900,750,1024,426,146546,509,1,0,3,true,adopted,0.79769,0.211369,0.990101,0.098604,0.192411,0.112765,9.78446,14.658529,3.73574,6.789107,0.786834,1.584759,0.144374,0.282408,0.013045947,0.004980987,0.001049112,0.000192499
Teddy,roll-large,orb,900,750,1024,426,146546,891,4,0,-5,true,adopted,2.943857,0.537215,3.960522,0.395019,1.016665,0.142195,24.097281,41.705283,19.755211,35.944993,4.269624,8.307966,0.578378,1.131354,0.032129708,0.026340281,0.005692832,0.000771171
Teddy,roll-large,akaze,900,750,1024,426,146546,278,4,0,-5,true,adopted,3.103256,0.792646,3.960522,0.395019,0.857266,0.397626,24.097281,41.705283,14.599846,26.005289,3.32127,6.43796,0.578378,1.131354,0.032129708,0.019466461,0.00442836,0.000771171
Teddy,roll-large,sift,900,750,1024,426,146546,512,4,0,-5,true,adopted,3.361961,0.716292,3.960522,0.395019,0.598561,0.321273,24.097281,41.705283,14.643981,26.165829,2.365894,4.697408,0.578378,1.131354,0.032129708,0.019525307,0.003154525,0.000771171
Teddy,zoom,orb,900,750,1024,426,146546,899,0,2,4,true,adopted,0.014611,1.684425,1.545e-12,2,0.014611,0.315575,12.524011,18.32,4.936212,9.324507,0.787623,1.487248,6.097e-12,1.105e-11,0.016698682,0.006581616,0.001050164,8.130e-15
Teddy,zoom,akaze,900,750,1024,426,146546,289,0,2,4,true,adopted,0.071304,1.783584,1.545e-12,2,0.071304,0.216416,12.524011,18.32,4.366173,7.395855,0.53461,0.998787,6.097e-12,1.105e-11,0.016698682,0.005821565,0.000712813,8.130e-15
Teddy,zoom,sift,900,750,1024,426,146546,505,0,2,4,true,adopted,0.059783,1.821152,1.545e-12,2,0.059783,0.178848,12.524011,18.32,4.780159,8.974146,0.479804,0.921963,6.097e-12,1.105e-11,0.016698682,0.006373545,0.000639739,8.130e-15
Teddy,roll-and-zoom,orb,900,750,1024,426,146546,898,2.5,1.5,6,true,adopted,1.677339,1.320884,2.475278,1.746642,0.797938,0.425758,28.778122,42.725939,13.361694,24.629711,3.822365,7.304953,0.361128,0.706395,0.038370829,0.017815591,0.005096487,0.000481504
Teddy,roll-and-zoom,akaze,900,750,1024,426,146546,285,2.5,1.5,6,true,adopted,1.864267,1.710194,2.475278,1.746642,0.611011,0.036448,28.778122,42.725939,11.059567,20.869582,2.376072,4.572496,0.361128,0.706395,0.038370829,0.01474609,0.003168095,0.000481504
Teddy,roll-and-zoom,sift,900,750,1024,426,146546,504,2.5,1.5,6,true,adopted,2.11646,1.7669,2.475278,1.746642,0.358817,0.020258,28.778122,42.725939,11.532492,21.75431,1.401653,2.778354,0.361128,0.706395,0.038370829,0.015376657,0.00186887,0.000481504
Teddy,keystone,orb,900,750,1024,426,146546,807,2,1,4,true,adopted,0.292063,3.222599,0.469067,3.451113,0.177005,0.228514,13.620021,25.971636,9.639448,17.721757,3.290386,6.918807,2.995669,6.346013,0.018160027,0.012852597,0.004387182,0.003994225
Teddy,keystone,akaze,900,750,1024,426,146546,273,2,1,4,true,adopted,0.336747,3.263331,0.469067,3.451113,0.132321,0.187782,13.620021,25.971636,8.492417,16.315944,3.156784,6.668682,2.995669,6.346013,0.018160027,0.011323223,0.004209045,0.003994225
Teddy,keystone,sift,900,750,1024,426,146546,514,2,1,4,true,adopted,0.285085,3.359761,0.469067,3.451113,0.183982,0.091352,13.620021,25.971636,9.619574,17.691355,3.384084,6.993608,2.995669,6.346013,0.018160027,0.012826098,0.004512112,0.003994225
Vintage,none,orb,1444,960,1024,340,307991,764,0,0,0,false,already_aligned,,,0,0,,,0,0,0,0,0,0,0,0,0,0,0,0
Vintage,none,akaze,1444,960,1024,340,307991,231,0,0,0,true,adopted,-0.020842,-0.027754,0,0,0.020842,0.027754,0,0,0.059003,0.059003,0.122068,0.229867,0,0,0,6.146e-5,0.000127154,0
Vintage,none,sift,1444,960,1024,340,307991,500,0,0,0,false,already_aligned,,,0,0,,,0,0,0.157988,0.157988,0.157988,0.157988,0,0,0,0.000164571,0.000164571,0
Vintage,shift-only,orb,1444,960,1024,340,307991,732,0,0,8,false,no_improvement,,,-6.014e-12,-1.000e-11,,,8,8,0.131778,0.131778,0.131778,0.131778,4.132e-11,7.906e-11,0.008333333,0.000137269,0.000137269,4.304e-14
Vintage,shift-only,akaze,1444,960,1024,340,307991,228,0,0,8,true,adopted,-0.026746,-0.022273,-6.014e-12,-1.000e-11,0.026746,0.022273,8,8,0.067268,0.067268,0.136875,0.248283,4.132e-11,7.906e-11,0.008333333,7.007e-5,0.000142578,4.304e-14
Vintage,shift-only,sift,1444,960,1024,340,307991,454,0,0,8,false,already_aligned,,,-6.014e-12,-1.000e-11,,,8,8,0.138184,0.138184,0.138184,0.138184,4.132e-11,7.906e-11,0.008333333,0.000143941,0.000143941,4.304e-14
Vintage,roll-small,orb,1444,960,1024,340,307991,732,1,0,3,true,adopted,0.730089,-0.022346,0.903948,0.123448,0.173859,0.145794,11.053511,16.676383,4.340335,7.644241,1.002218,1.991988,0.197865,0.392512,0.011514074,0.004521183,0.001043978,0.000206109
Vintage,roll-small,akaze,1444,960,1024,340,307991,227,1,0,3,true,adopted,0.720039,0.111286,0.903948,0.123448,0.183909,0.012162,11.053511,16.676383,4.319271,7.559022,0.904087,1.597915,0.197865,0.392512,0.011514074,0.004499241,0.000941757,0.000206109
Vintage,roll-small,sift,1444,960,1024,340,307991,478,1,0,3,false,poor_spread,,,0.903948,0.123448,,,11.053511,16.676383,5.423534,9.968646,5.423534,9.968646,0.197865,0.392512,0.011514074,0.005649515,0.005649515,0.000206109
Vintage,roll-large,orb,1444,960,1024,340,307991,719,4,0,-5,true,adopted,2.96803,0.391508,3.616798,0.494546,0.648768,0.103038,29.258463,49.789019,17.629871,31.490008,3.354051,6.154609,0.792667,1.572446,0.030477566,0.018364449,0.003493804,0.000825694
Vintage,roll-large,akaze,1444,960,1024,340,307991,220,4,0,-5,true,adopted,3.025814,0.583631,3.616798,0.494546,0.590985,0.089085,29.258463,49.789019,17.126266,29.45898,2.937786,5.037841,0.792667,1.572446,0.030477566,0.01783986,0.003060194,0.000825694
Vintage,roll-large,sift,1444,960,1024,340,307991,447,4,0,-5,false,poor_spread,,,3.616798,0.494546,,,29.258463,49.789019,21.646013,39.806906,21.646013,39.806906,0.792667,1.572446,0.030477566,0.022547931,0.022547931,0.000825694
Vintage,zoom,orb,1444,960,1024,340,307991,727,0,2,4,true,adopted,0.082708,1.648354,-9.598e-13,2,0.082708,0.351646,15.09254,22.36,5.546116,9.112907,1.058634,1.881968,3.109e-11,5.156e-11,0.015721396,0.005777204,0.001102743,3.238e-14
Vintage,zoom,akaze,1444,960,1024,340,307991,227,0,2,4,true,adopted,0.018944,1.762901,-9.598e-13,2,0.018944,0.237099,15.09254,22.36,6.177543,11.079755,0.693864,1.195582,3.109e-11,5.156e-11,0.015721396,0.006434941,0.000722775,3.238e-14
Vintage,zoom,sift,1444,960,1024,340,307991,455,0,2,4,true,adopted,0.080678,1.64705,-9.598e-13,2,0.080678,0.35295,15.09254,22.36,6.000783,11.18878,1.055372,1.874756,3.109e-11,5.156e-11,0.015721396,0.006250815,0.001099345,3.238e-14
Vintage,roll-and-zoom,orb,1444,960,1024,340,307991,731,2.5,1.5,6,true,adopted,1.908273,1.517934,2.26009,1.808785,0.351817,0.29085,33.626805,50.152159,12.084608,22.238356,1.973871,3.965772,0.494926,0.981804,0.035027921,0.012588133,0.002056115,0.000515548
Vintage,roll-and-zoom,akaze,1444,960,1024,340,307991,219,2.5,1.5,6,true,adopted,1.875736,1.717148,2.26009,1.808785,0.384354,0.091637,33.626805,50.152159,11.485447,20.900248,1.919073,3.427327,0.494926,0.981804,0.035027921,0.011964007,0.001999034,0.000515548
Vintage,roll-and-zoom,sift,1444,960,1024,340,307991,446,2.5,1.5,6,false,poor_spread,,,2.26009,1.808785,,,33.626805,50.152159,15.281668,28.533883,15.281668,28.533883,0.494926,0.981804,0.035027921,0.015918405,0.015918405,0.000515548
Vintage,keystone,orb,1444,960,1024,340,307991,706,2,1,4,true,adopted,-0.619429,4.648271,-0.30113,4.418065,0.318299,0.230206,14.979177,28.417807,14.447395,27.710949,5.868628,12.071155,5.551356,11.586423,0.015603309,0.015049369,0.006113154,0.005782663
Vintage,keystone,akaze,1444,960,1024,340,307991,210,2,1,4,true,adopted,-0.471691,4.4922,-0.30113,4.418065,0.170561,0.074135,14.979177,28.417807,14.559647,27.853952,5.676065,11.651252,5.551356,11.586423,0.015603309,0.015166299,0.005912568,0.005782663
Vintage,keystone,sift,1444,960,1024,340,307991,375,2,1,4,true,adopted,-0.239592,4.441093,-0.30113,4.418065,0.061538,0.023028,14.979177,28.417807,14.129979,28.752533,5.882581,11.976707,5.551356,11.586423,0.015603309,0.014718729,0.006127688,0.005782663
