sweep,build,algorithm,frame_width,frame_height,content,runs,warmup_runs,keypoints_left,keypoints_right,match_count,pipeline_ms_median,pipeline_ms_p25,pipeline_ms_p75,pipeline_ms_iqr,pipeline_ms_min,pipeline_ms_max,cvt_color_ms_median,detect_left_ms_median,detect_right_ms_median,match_ms_median,estimator_ms_median,module_load_ms,wasm_heap_bytes_at_load,wasm_heap_bytes_after_sweep,build_bytes,build_bytes_gzip
content,simd,akaze,1024,512,low-texture,30,3,15,19,13,45.757,44.725,49.845,5.12,44.043,51.143,0.802,22.154,22.25,0.085,0.084,782.3,134217728,1067319296,13694946,4443863
content,wasm,akaze,1024,512,low-texture,30,3,15,19,13,102.863,100.978,109.571,8.594,98.313,169.754,0.748,50.733,50.675,0.117,0.091,1225,134217728,1067253760,11482246,3880856
content,simd,akaze,1024,512,noisy,30,3,78,85,51,48.705,47.757,51.181,3.424,46.443,62.808,0.829,23.434,23.509,0.455,0.36,782.3,134217728,1067319296,13694946,4443863
content,wasm,akaze,1024,512,noisy,30,3,78,85,51,109.4,106.21,114.639,8.429,101.177,125.62,0.761,53.244,53.006,0.527,0.459,1225,134217728,1067253760,11482246,3880856
content,simd,akaze,1024,512,textured,30,3,72,79,44,48.022,46.618,48.721,2.103,46.265,50.247,0.799,23.076,23.288,0.41,0.291,782.3,134217728,1067319296,13694946,4443863
content,wasm,akaze,1024,512,textured,30,3,72,79,44,107.253,103.814,123.644,19.83,102.573,143.973,0.811,53.63,52.063,0.472,0.387,1225,134217728,1067253760,11482246,3880856
content,simd,orb,1024,512,low-texture,30,3,93,105,46,10.648,10.49,10.841,0.351,10.051,13.44,0.884,4.523,4.549,0.395,0.325,782.3,134217728,1067319296,13694946,4443863
content,wasm,orb,1024,512,low-texture,30,3,93,105,46,23.809,23.407,23.97,0.562,22.46,24.719,0.64,11.176,11.171,0.479,0.325,1225,134217728,1067253760,11482246,3880856
content,simd,orb,1024,512,noisy,30,3,1538,1546,764,101.616,90.02,108.524,18.504,84.498,114.541,1.034,13.402,13.312,73.27,2.076,782.3,134217728,1067319296,13694946,4443863
content,wasm,orb,1024,512,noisy,30,3,1538,1546,764,155.91,154.504,156.461,1.956,146.401,164.362,0.862,27.595,27.281,99.636,2.095,1225,134217728,1067253760,11482246,3880856
content,simd,orb,1024,512,textured,30,3,358,349,204,16.646,16.457,16.7,0.243,15.853,17.033,0.873,5.678,5.64,4.203,0.595,782.3,134217728,1067319296,13694946,4443863
content,wasm,orb,1024,512,textured,30,3,358,349,204,28.547,26.736,29.262,2.526,25.063,31.041,0.601,11.269,11.209,4.728,0.567,1225,134217728,1067253760,11482246,3880856
content,simd,sift,1024,512,low-texture,30,3,39,37,24,73.225,72.445,73.964,1.518,57.501,83.637,1.01,35.683,35.825,0.145,0.151,782.3,134217728,1067319296,13694946,4443863
content,wasm,sift,1024,512,low-texture,30,3,39,37,24,191.461,180.448,213.833,33.385,166.849,222.373,0.8,96.164,93.986,0.356,0.163,1225,134217728,1067253760,11482246,3880856
content,simd,sift,1024,512,noisy,30,3,1010,1041,825,209.071,208.169,211.482,3.313,200.673,227.236,1.063,83.841,83.364,40.134,0.852,782.3,134217728,1067319296,13694946,4443863
content,wasm,sift,1024,512,noisy,30,3,1010,1041,825,568.957,546.013,592.761,46.748,508.748,650.549,0.786,202.001,200.432,165.556,0.804,1225,134217728,1067253760,11482246,3880856
content,simd,sift,1024,512,textured,30,3,281,276,156,123.836,120.554,125.083,4.529,98.982,131.581,1.078,59.348,58.676,3.159,0.636,782.3,134217728,1067319296,13694946,4443863
content,wasm,sift,1024,512,textured,30,3,281,276,156,242.341,241.81,247.713,5.903,240.742,311.032,0.761,115.467,114.666,10.833,0.621,1225,134217728,1067253760,11482246,3880856
frame-size,simd,akaze,512,256,textured,30,3,22,23,12,11.607,11.572,11.762,0.19,11.322,12.927,0.164,5.639,5.621,0.081,0.1,782.3,134217728,1067319296,13694946,4443863
frame-size,wasm,akaze,512,256,textured,30,3,22,23,12,28.919,25.017,29.826,4.808,23.305,36.631,0.146,14.281,14.148,0.105,0.124,1225,134217728,1067253760,11482246,3880856
frame-size,simd,akaze,1024,512,textured,30,3,72,79,44,48.022,46.618,48.721,2.103,46.265,50.247,0.799,23.076,23.288,0.41,0.291,782.3,134217728,1067319296,13694946,4443863
frame-size,wasm,akaze,1024,512,textured,30,3,72,79,44,107.253,103.814,123.644,19.83,102.573,143.973,0.811,53.63,52.063,0.472,0.387,1225,134217728,1067253760,11482246,3880856
frame-size,simd,akaze,2048,1024,textured,30,3,166,154,99,244.565,226.602,264.056,37.454,208.89,278.996,3.571,119.172,115.643,1.778,0.509,782.3,134217728,1067319296,13694946,4443863
frame-size,wasm,akaze,2048,1024,textured,30,3,166,154,99,530.72,522.164,536.916,14.753,432.672,560.583,2.782,263.113,261.441,2.025,0.523,1225,134217728,1067253760,11482246,3880856
frame-size,simd,akaze,4096,2048,textured,20,3,426,371,235,1057.16,955.913,1101.343,145.429,929.246,1120.349,14.14,529.112,520.438,10.312,0.745,782.3,134217728,1067319296,13694946,4443863
frame-size,wasm,akaze,4096,2048,textured,11,3,426,371,235,1970.125,1942.066,2024.641,82.575,1852.372,2202.427,10.169,960.111,980.332,10.499,0.79,1225,134217728,1067253760,11482246,3880856
frame-size,simd,orb,512,256,textured,30,3,125,119,78,4.178,4.124,4.265,0.141,4.025,4.779,0.186,1.717,1.648,0.514,0.439,782.3,134217728,1067319296,13694946,4443863
frame-size,wasm,orb,512,256,textured,30,3,125,119,78,9.116,8.622,9.447,0.825,7,10.778,0.15,3.893,3.838,0.75,0.501,1225,134217728,1067253760,11482246,3880856
frame-size,simd,orb,1024,512,textured,30,3,358,349,204,16.646,16.457,16.7,0.243,15.853,17.033,0.873,5.678,5.64,4.203,0.595,782.3,134217728,1067319296,13694946,4443863
frame-size,wasm,orb,1024,512,textured,30,3,358,349,204,28.547,26.736,29.262,2.526,25.063,31.041,0.601,11.269,11.209,4.728,0.567,1225,134217728,1067253760,11482246,3880856
frame-size,simd,orb,2048,1024,textured,30,3,1104,1148,686,71.116,69.936,78.015,8.079,69.476,82.947,3.195,16.63,16.589,32.687,0.686,782.3,134217728,1067319296,13694946,4443863
frame-size,wasm,orb,2048,1024,textured,30,3,1104,1148,686,153.473,142.03,155.658,13.628,139.063,163.808,2.765,47.641,47.941,52.249,0.783,1225,134217728,1067253760,11482246,3880856
frame-size,simd,orb,4096,2048,textured,30,3,2000,2000,1193,298.492,257.377,304.762,47.384,242.905,319.906,14.321,75.689,72.863,127.417,2.775,782.3,134217728,1067319296,13694946,4443863
frame-size,wasm,orb,4096,2048,textured,30,3,2000,2000,1193,516.419,480.211,554.561,74.35,461.781,600.096,10.048,172.08,175.484,152.535,3.051,1225,134217728,1067253760,11482246,3880856
frame-size,simd,sift,512,256,textured,30,3,147,147,89,32.25,28.311,34.772,6.461,27.642,36.691,0.19,15.157,15.702,0.876,0.599,782.3,134217728,1067319296,13694946,4443863
frame-size,wasm,sift,512,256,textured,30,3,147,147,89,87.859,86.442,88.962,2.52,71.851,94.08,0.158,41.723,42.344,3.909,0.807,1225,134217728,1067253760,11482246,3880856
frame-size,simd,sift,1024,512,textured,30,3,281,276,156,123.836,120.554,125.083,4.529,98.982,131.581,1.078,59.348,58.676,3.159,0.636,782.3,134217728,1067319296,13694946,4443863
frame-size,wasm,sift,1024,512,textured,30,3,281,276,156,242.341,241.81,247.713,5.903,240.742,311.032,0.761,115.467,114.666,10.833,0.621,1225,134217728,1067253760,11482246,3880856
frame-size,simd,sift,2048,1024,textured,30,3,646,614,359,479.114,474.562,486.188,11.626,454.005,506.056,3.734,229.934,228.452,15.45,1.077,782.3,134217728,1067319296,13694946,4443863
frame-size,wasm,sift,2048,1024,textured,19,3,646,614,359,1076.262,1023.117,1119.655,96.537,952.814,1202.039,2.763,497.202,503.379,64.637,1.091,1225,134217728,1067253760,11482246,3880856
frame-size,simd,sift,4096,2048,textured,11,3,1981,1894,1203,1929.175,1829.183,1955.267,126.084,1686.008,2199.406,14.029,892.76,890.84,142.874,2.238,782.3,134217728,1067319296,13694946,4443863
frame-size,wasm,sift,4096,2048,textured,5,3,1981,1894,1203,4778.924,4675.914,4896.968,221.054,4276.212,4958.558,10.26,2016.766,2025.599,646.166,3.102,1225,134217728,1067253760,11482246,3880856
