sweep,condition_id,field_magnitude,point_count,layout,noise_sigma_uv,outlier_fraction,outlier_model,distance_model,trials,adopted,adoption_rate,err_d_median,err_d_p95,err_e_median,err_e_p95,err_f_median,err_f_p95,err_roll_deg_median,err_roll_deg_p95,err_zoom_pct_median,err_zoom_pct_p95,err_roll_relative_median,err_roll_relative_p95,err_zoom_relative_median,err_zoom_relative_p95,residual_shift_only_rms_median,residual_applied_rms_median,residual_applied_rms_p95
base,0,random,200,uniform,0.0003,0,random,random,2000,2000,1,0.006735493,0.013148401,0.002187202,0.004647255,0.003298117,0.007575523,0.382999062,0.734483997,0.21872019,0.464725527,0.07459716,0.092327287,0.075906566,0.184116435,0.028777585,0.002146791,0.003987255
noise,1,random,200,uniform,0,0,random,random,2000,2000,1,0.006534128,0.013082774,0.00217385,0.004698888,0.003332645,0.007544821,0.371705655,0.728819827,0.217384997,0.469888817,0.074294967,0.092623419,0.07551927,0.168697732,0.02810283,0.002097369,0.003991944
noise,2,random,200,uniform,0.0001,0,random,random,2000,2000,1,0.006683217,0.013054707,0.002256274,0.0046357,0.003353407,0.007560456,0.380084393,0.729894363,0.225627406,0.463569954,0.074299581,0.093060223,0.075725044,0.176408371,0.028527631,0.002150709,0.003979947
noise,3,random,200,uniform,0.0003,0,random,random,2000,1999,0.9995,0.006491008,0.013221931,0.002166354,0.004612321,0.003212679,0.007600507,0.369302979,0.739458739,0.2166354,0.4612321,0.074567043,0.092928925,0.076341935,0.20554365,0.027533386,0.00207366,0.003981068
noise,4,random,200,uniform,0.001,0,random,random,2000,1999,0.9995,0.006529787,0.013039627,0.002296394,0.004653473,0.003268316,0.007546365,0.37207648,0.727694012,0.229639364,0.465347257,0.074696877,0.101672874,0.076804256,0.201854102,0.027765706,0.002092951,0.003996603
noise,5,random,200,uniform,0.003,0,random,random,2000,1993,0.9965,0.006841825,0.013320941,0.002286198,0.005089623,0.003366492,0.007805807,0.388499796,0.744225567,0.228619771,0.508962341,0.075857907,0.135344662,0.082252608,0.307227563,0.028075013,0.00219137,0.004045093
noise,6,random,200,uniform,0.01,0,random,random,2000,1918,0.959,0.006981482,0.015501022,0.00295761,0.007983885,0.003515555,0.009091576,0.396397465,0.867788964,0.29576103,0.798388484,0.078635131,0.208185598,0.104930933,0.78751744,0.027565676,0.002659629,0.005092341
point-count,7,random,30,uniform,0.0003,0,random,random,2000,232,0.116,0.008780399,0.014332256,0.001253822,0.00433898,0.004151226,0.007931534,0.497051209,0.798784102,0.125382179,0.433897982,0.071980125,0.09717525,0.060840839,0.388909978,0.030294202,0.025622946,0.05282825
point-count,8,random,50,uniform,0.0003,0,random,random,2000,1998,0.999,0.006761482,0.014256538,0.00229563,0.00525052,0.00323935,0.008510925,0.384519043,0.797089788,0.229563009,0.525052028,0.076489098,0.109851979,0.079842424,0.255030382,0.028650296,0.002184722,0.004365739
point-count,9,random,120,uniform,0.0003,0,random,random,2000,2000,1,0.006625699,0.013348467,0.002334353,0.004793117,0.003242065,0.007746963,0.376988317,0.745789594,0.233435301,0.47931166,0.074829606,0.098010331,0.07658296,0.215456988,0.027999879,0.002113412,0.004065692
point-count,10,random,200,uniform,0.0003,0,random,random,2000,2000,1,0.006835841,0.013024839,0.002296908,0.004744615,0.003267396,0.007671424,0.388836499,0.727793656,0.229690842,0.474461531,0.073981329,0.093181903,0.075900543,0.193551625,0.028952332,0.002152832,0.003954705
point-count,11,random,500,uniform,0.0003,0,random,random,2000,2000,1,0.006496572,0.012722737,0.002279534,0.004404304,0.00320265,0.007313742,0.369414238,0.710249527,0.227953361,0.440430356,0.073929239,0.084870064,0.074957385,0.135957076,0.027656698,0.002054368,0.003835207
point-count,12,random,900,uniform,0.0003,0,random,random,2000,1999,0.9995,0.006956465,0.012733653,0.002233882,0.004291265,0.003397104,0.007184407,0.395264083,0.710528663,0.223388207,0.429126495,0.073750579,0.082242506,0.074421739,0.129980277,0.02952324,0.002202351,0.003829804
outlier-fraction,13,random,200,uniform,0.0003,0,random,random,2000,2000,1,0.006516667,0.013243727,0.002226599,0.004667467,0.003243263,0.007731759,0.370723294,0.739042451,0.222659933,0.46674671,0.074299099,0.092797969,0.077044898,0.203666497,0.027636372,0.00209146,0.004018152
outlier-fraction,14,random,200,uniform,0.0003,0.05,random,random,2000,2000,1,0.006828166,0.013308941,0.00233744,0.004672111,0.003426397,0.007856014,0.388167953,0.744941483,0.233743999,0.467211089,0.074574206,0.093735079,0.075692122,0.194932975,0.02876256,0.002182314,0.004041272
outlier-fraction,15,random,200,uniform,0.0003,0.1,random,random,2000,1999,0.9995,0.006699165,0.013297399,0.002266148,0.004728769,0.003325359,0.00745563,0.380878398,0.743618634,0.22661476,0.472876925,0.075186913,0.095658678,0.076811834,0.217016973,0.028268522,0.002147948,0.004026615
outlier-fraction,16,random,200,uniform,0.0003,0.2,random,random,2000,2000,1,0.006898708,0.013657285,0.00239328,0.005033523,0.003343372,0.007892034,0.392010349,0.764011859,0.239327965,0.503352267,0.075910599,0.09929786,0.078291564,0.24781934,0.028984872,0.002182368,0.004190148
outlier-fraction,17,random,200,uniform,0.0003,0.4,random,random,2000,1998,0.999,0.00724813,0.016469842,0.002527095,0.006082371,0.003415191,0.0091433,0.411552877,0.923874591,0.25270952,0.608237093,0.081639739,0.129666973,0.084883437,0.331791091,0.029657743,0.002371186,0.005221907
outlier-fraction,18,random,200,uniform,0.0003,0.6,random,random,2000,1375,0.6875,0.013353698,0.094784613,0.006808299,0.050035773,0.006124145,0.034877791,0.756548974,5.35637116,0.680829933,5.003577327,0.16581611,0.964145618,0.268065756,3.479724258,0.031776097,0.013432524,0.064787158
outlier-model,19,random,200,uniform,0.0003,0.5,random,random,2000,1893,0.9465,0.00824743,0.046108299,0.003127855,0.018421693,0.003711745,0.016616684,0.468242897,2.624332611,0.312785463,1.842169319,0.09244621,0.427917409,0.099746085,1.185979791,0.031061193,0.002961815,0.044062794
outlier-model,20,random,200,uniform,0.0003,0.5,structured,random,2000,390,0.195,0.02839318,0.115606104,0.026615365,0.090828327,0.016864145,0.060812174,1.613581749,6.563958397,2.661536533,9.082832738,0.298997947,2.378043975,1.186821046,11.104249244,0.043210637,0.040081522,0.115848692
distance-model,21,random,200,uniform,0.0003,0.5,random,random,2000,1887,0.9435,0.007842446,0.04914477,0.003089777,0.020972765,0.003576688,0.018044105,0.444816509,2.778992589,0.30897768,2.097276474,0.091445058,0.483948472,0.100234845,1.23767513,0.029999161,0.0028395,0.04368626
distance-model,22,random,200,uniform,0.0003,0.5,random,informative,2000,2000,1,0.007067887,0.01385363,0.002173701,0.00486431,0.003402656,0.007857549,0.400927834,0.773540754,0.217370128,0.48643097,0.07561514,0.0992418,0.077456644,0.229129112,0.031164734,0.002233608,0.00423614
layout,23,random,200,uniform,0.0003,0,random,random,2000,1999,0.9995,0.006824035,0.013270054,0.00219771,0.004675051,0.003335604,0.00758573,0.387561936,0.741989766,0.219771032,0.467505059,0.074628965,0.093455109,0.076470293,0.236425457,0.028931272,0.002163521,0.004007591
layout,24,random,200,clustered,0.0003,0,random,random,2000,0,0,,,,,,,,,,,,,,,0.03429778,0.03429778,0.067535359
field-magnitude,25,zero,200,uniform,0.0003,0,random,random,2000,0,0,,,,,,,,,,,,,,,1.862e-5,1.862e-5,5.239e-5
field-magnitude,26,small,200,uniform,0.0003,0,random,random,2000,2000,1,0.001338161,0.001621101,0.000451257,0.000719028,0.000893698,0.001160223,0.076648447,0.092855365,0.045125662,0.071902848,0.075116272,0.09099922,0.075209437,0.11983808,0.00554912,0.000420003,0.000510871
field-magnitude,27,mid,200,uniform,0.0003,0,random,random,2000,2000,1,0.006673725,0.007952596,0.002254862,0.003354207,0.004485839,0.005638699,0.379571119,0.452356007,0.22548618,0.335420711,0.074396726,0.088662715,0.07516206,0.111806904,0.027811221,0.002084812,0.002502487
field-magnitude,28,large,200,uniform,0.0003,0,random,random,2000,2000,1,0.01349742,0.015873529,0.004486423,0.006574083,0.008936667,0.011328808,0.750799147,0.883318496,0.448642299,0.657408259,0.073579095,0.086566128,0.074773716,0.109568043,0.056013036,0.004199011,0.004989739
