sweep,condition_id,field_magnitude,point_count,layout,noise_sigma_uv,outlier_fraction,outlier_model,distance_model,outcome,count,trials
base,0,random,200,uniform,0.0003,0,random,random,adopted,2000,2000
noise,1,random,200,uniform,0,0,random,random,adopted,2000,2000
noise,2,random,200,uniform,0.0001,0,random,random,adopted,2000,2000
noise,3,random,200,uniform,0.0003,0,random,random,adopted,1999,2000
noise,3,random,200,uniform,0.0003,0,random,random,already_aligned,1,2000
noise,4,random,200,uniform,0.001,0,random,random,adopted,1999,2000
noise,4,random,200,uniform,0.001,0,random,random,no_improvement,1,2000
noise,5,random,200,uniform,0.003,0,random,random,adopted,1993,2000
noise,5,random,200,uniform,0.003,0,random,random,no_improvement,7,2000
noise,6,random,200,uniform,0.01,0,random,random,adopted,1918,2000
noise,6,random,200,uniform,0.01,0,random,random,no_improvement,79,2000
noise,6,random,200,uniform,0.01,0,random,random,out_of_range,3,2000
point-count,7,random,30,uniform,0.0003,0,random,random,few_inliers,1765,2000
point-count,7,random,30,uniform,0.0003,0,random,random,adopted,232,2000
point-count,7,random,30,uniform,0.0003,0,random,random,already_aligned,3,2000
point-count,8,random,50,uniform,0.0003,0,random,random,adopted,1998,2000
point-count,8,random,50,uniform,0.0003,0,random,random,poor_spread,2,2000
point-count,9,random,120,uniform,0.0003,0,random,random,adopted,2000,2000
point-count,10,random,200,uniform,0.0003,0,random,random,adopted,2000,2000
point-count,11,random,500,uniform,0.0003,0,random,random,adopted,2000,2000
point-count,12,random,900,uniform,0.0003,0,random,random,adopted,1999,2000
point-count,12,random,900,uniform,0.0003,0,random,random,already_aligned,1,2000
outlier-fraction,13,random,200,uniform,0.0003,0,random,random,adopted,2000,2000
outlier-fraction,14,random,200,uniform,0.0003,0.05,random,random,adopted,2000,2000
outlier-fraction,15,random,200,uniform,0.0003,0.1,random,random,adopted,1999,2000
outlier-fraction,15,random,200,uniform,0.0003,0.1,random,random,already_aligned,1,2000
outlier-fraction,16,random,200,uniform,0.0003,0.2,random,random,adopted,2000,2000
outlier-fraction,17,random,200,uniform,0.0003,0.4,random,random,adopted,1998,2000
outlier-fraction,17,random,200,uniform,0.0003,0.4,random,random,no_improvement,2,2000
outlier-fraction,18,random,200,uniform,0.0003,0.6,random,random,adopted,1375,2000
outlier-fraction,18,random,200,uniform,0.0003,0.6,random,random,no_improvement,520,2000
outlier-fraction,18,random,200,uniform,0.0003,0.6,random,random,out_of_range,105,2000
outlier-model,19,random,200,uniform,0.0003,0.5,random,random,adopted,1893,2000
outlier-model,19,random,200,uniform,0.0003,0.5,random,random,no_improvement,70,2000
outlier-model,19,random,200,uniform,0.0003,0.5,random,random,out_of_range,37,2000
outlier-model,20,random,200,uniform,0.0003,0.5,structured,random,no_improvement,845,2000
outlier-model,20,random,200,uniform,0.0003,0.5,structured,random,out_of_range,754,2000
outlier-model,20,random,200,uniform,0.0003,0.5,structured,random,adopted,390,2000
outlier-model,20,random,200,uniform,0.0003,0.5,structured,random,few_inliers,11,2000
distance-model,21,random,200,uniform,0.0003,0.5,random,random,adopted,1887,2000
distance-model,21,random,200,uniform,0.0003,0.5,random,random,no_improvement,88,2000
distance-model,21,random,200,uniform,0.0003,0.5,random,random,out_of_range,25,2000
distance-model,22,random,200,uniform,0.0003,0.5,random,informative,adopted,2000,2000
layout,23,random,200,uniform,0.0003,0,random,random,adopted,1999,2000
layout,23,random,200,uniform,0.0003,0,random,random,already_aligned,1,2000
layout,24,random,200,clustered,0.0003,0,random,random,poor_spread,1995,2000
layout,24,random,200,clustered,0.0003,0,random,random,already_aligned,5,2000
field-magnitude,25,zero,200,uniform,0.0003,0,random,random,already_aligned,2000,2000
field-magnitude,26,small,200,uniform,0.0003,0,random,random,adopted,2000,2000
field-magnitude,27,mid,200,uniform,0.0003,0,random,random,adopted,2000,2000
field-magnitude,28,large,200,uniform,0.0003,0,random,random,adopted,2000,2000
