engine,scenario,classification,method,resource_type,from_service_worker,served_from_mirror,requests,post_bytes_total,distinct_urls
chromium,local-file,app-origin,GET,document,false,false,1,0,1
chromium,local-file,app-origin,GET,stylesheet,false,false,6,0,6
chromium,local-file,pinned-cdn,GET,script,false,true,7,0,7
chromium,local-file,app-origin,GET,script,false,false,70,0,66
chromium,local-file,app-origin,GET,image,false,false,1,0,1
chromium,local-file,app-origin,GET,fetch,false,false,2,0,2
chromium,local-file,app-origin,GET,script,true,false,1,0,1
chromium,local-file,app-origin,GET,other,true,false,1,0,1
chromium,local-file,app-origin,GET,fetch,true,false,83,0,83
chromium,local-file,pinned-cdn,GET,fetch,true,true,8,0,8
chromium,external-src,app-origin,GET,document,false,false,1,0,1
chromium,external-src,app-origin,GET,stylesheet,false,false,6,0,6
chromium,external-src,pinned-cdn,GET,script,false,true,7,0,7
chromium,external-src,app-origin,GET,script,false,false,70,0,66
chromium,external-src,app-origin,GET,image,false,false,1,0,1
chromium,external-src,app-origin,GET,fetch,false,false,2,0,2
chromium,external-src,image-origin,GET,fetch,false,true,1,0,1
chromium,external-src,app-origin,GET,script,true,false,1,0,1
chromium,external-src,app-origin,GET,other,true,false,1,0,1
chromium,external-src,app-origin,GET,fetch,true,false,83,0,83
chromium,external-src,pinned-cdn,GET,fetch,true,true,8,0,8
