link_format,population,parameter,image_width,image_height,samples,clamped_samples,error_median,error_p99,error_max,analytical_bound,within_bound
viewer,in-range,shiftX,640,360,12500,0,0.000387051652,0.00077372239,0.000781215739,0.00078125,true
viewer,in-range,verticalUv,640,360,12500,0,0.00069641281,0.001373587904,0.001388743722,0.001388888889,true
viewer,in-range,rotationDeg,640,360,12500,0,1.222e-5,5.628e-5,9.981e-5,0.0001,true
viewer,in-range,zoomPct,640,360,12500,0,1.249e-5,5.073e-5,9.944e-5,0.0001,true
viewer,in-range,cropX,640,360,12500,0,0,4.898e-6,4.997e-6,5.000e-6,true
viewer,in-range,cropY,640,360,12500,0,0,4.880e-6,5.000e-6,5.000e-6,true
viewer,in-range,offsetX,640,360,12500,0,0,4.900e-6,5.000e-6,1.000e-5,true
viewer,in-range,offsetY,640,360,12500,0,0,4.899e-6,5.000e-6,1.000e-5,true
viewer,clamping,shiftX,640,360,12500,12500,2.162442445069,3.870838564366,3.906085886592,,
viewer,clamping,verticalUv,640,360,12500,12500,3.847953808791,6.876169197428,6.943907321612,,
viewer,clamping,rotationDeg,640,360,12500,12500,13.557415662508,44.351280330797,44.994903148036,,
viewer,clamping,zoomPct,640,360,12500,12500,13.359089299338,44.361010956491,44.999096631655,,
viewer,clamping,cropX,640,360,12500,12500,0,1.471361355331,1.519502539868,,
viewer,clamping,cropY,640,360,12500,12500,0,1.468259058542,1.519799916986,,
viewer,clamping,offsetX,640,360,12500,12500,0,1.072548298086,1.484796793501,,
viewer,clamping,offsetY,640,360,12500,12500,0,1.031242046687,1.459520321346,,
list,in-range,shiftX,640,360,12500,0,0.000391515592,0.000774071356,0.000781119388,0.00078125,true
list,in-range,verticalUv,640,360,12500,0,0.000691957461,0.001373978446,0.00138885845,0.001388888889,true
list,in-range,rotationDeg,640,360,12500,0,1.190e-5,5.540e-5,9.969e-5,0.0001,true
list,in-range,zoomPct,640,360,12500,0,1.154e-5,5.619e-5,9.934e-5,0.0001,true
list,in-range,cropX,640,360,12500,0,2.453e-8,4.894e-6,5.000e-6,5.000e-6,true
list,in-range,cropY,640,360,12500,0,3.163e-8,4.903e-6,5.000e-6,5.000e-6,true
list,in-range,offsetX,640,360,12500,0,2.633e-8,4.909e-6,4.999e-6,1.000e-5,true
list,in-range,offsetY,640,360,12500,0,3.365e-8,4.898e-6,4.999e-6,1.000e-5,true
list,clamping,shiftX,640,360,12500,12500,2.168358204062,3.87512170929,3.906247128543,,
list,clamping,verticalUv,640,360,12500,12500,3.799603877188,6.880476156503,6.944312039478,,
list,clamping,rotationDeg,640,360,12500,12500,13.540407916589,44.381141425401,44.998812720878,,
list,clamping,zoomPct,640,360,12500,12500,13.591112777358,44.37411685838,44.996916219243,,
list,clamping,cropX,640,360,12500,12500,8.890e-9,1.466020945132,1.519944266165,,
list,clamping,cropY,640,360,12500,12500,1.439e-8,1.472170874248,1.518193932697,,
list,clamping,offsetX,640,360,12500,12500,4.715e-9,1.035595210785,1.465146337991,,
list,clamping,offsetY,640,360,12500,12500,6.387e-9,1.016202364403,1.491680770042,,
viewer,in-range,shiftX,1920,1080,12500,0,0.000130169932,0.000257371854,0.000260406874,0.000260416667,true
viewer,in-range,verticalUv,1920,1080,12500,0,0.000230855664,0.00045821761,0.000462937341,0.000462962963,true
viewer,in-range,rotationDeg,1920,1080,12500,0,1.186e-5,4.999e-5,9.965e-5,0.0001,true
viewer,in-range,zoomPct,1920,1080,12500,0,1.188e-5,5.512e-5,9.974e-5,0.0001,true
viewer,in-range,cropX,1920,1080,12500,0,2.660e-8,4.875e-6,5.000e-6,5.000e-6,true
viewer,in-range,cropY,1920,1080,12500,0,3.830e-8,4.889e-6,5.000e-6,5.000e-6,true
viewer,in-range,offsetX,1920,1080,12500,0,2.899e-8,4.897e-6,5.000e-6,1.000e-5,true
viewer,in-range,offsetY,1920,1080,12500,0,2.770e-8,4.899e-6,5.000e-6,1.000e-5,true
viewer,clamping,shiftX,1920,1080,12500,12500,0.71267838119,1.288741091548,1.301976067619,,
viewer,clamping,verticalUv,1920,1080,12500,12500,1.272800301834,2.293269492741,2.314722062847,,
viewer,clamping,rotationDeg,1920,1080,12500,12500,13.461285588273,44.379223350057,44.999583078898,,
viewer,clamping,zoomPct,1920,1080,12500,12500,13.331715204113,44.416809618211,44.996959665441,,
viewer,clamping,cropX,1920,1080,12500,12500,0,1.473107003216,1.519770430732,,
viewer,clamping,cropY,1920,1080,12500,12500,0,1.464403023546,1.519622557079,,
viewer,clamping,offsetX,1920,1080,12500,12500,0,1.074544667115,1.483369058747,,
viewer,clamping,offsetY,1920,1080,12500,12500,0,1.043738128214,1.471547648751,,
list,in-range,shiftX,1920,1080,12500,0,0.000128331474,0.000257810825,0.000260416086,0.000260416667,true
list,in-range,verticalUv,1920,1080,12500,0,0.000230493573,0.00045766282,0.000462925865,0.000462962963,true
list,in-range,rotationDeg,1920,1080,12500,0,1.300e-5,5.066e-5,9.990e-5,0.0001,true
list,in-range,zoomPct,1920,1080,12500,0,1.244e-5,5.435e-5,9.989e-5,0.0001,true
list,in-range,cropX,1920,1080,12500,0,0,4.905e-6,4.996e-6,5.000e-6,true
list,in-range,cropY,1920,1080,12500,0,0,4.902e-6,5.000e-6,5.000e-6,true
list,in-range,offsetX,1920,1080,12500,0,0,4.890e-6,4.998e-6,1.000e-5,true
list,in-range,offsetY,1920,1080,12500,0,0,4.892e-6,5.000e-6,1.000e-5,true
list,clamping,shiftX,1920,1080,12500,12500,0.709555685838,1.289970164329,1.301993885166,,
list,clamping,verticalUv,1920,1080,12500,12500,1.263563484557,2.294177103712,2.314779188816,,
list,clamping,rotationDeg,1920,1080,12500,12500,13.20914127311,44.419317241351,44.992220319109,,
list,clamping,zoomPct,1920,1080,12500,12500,13.454135907814,44.336111217592,44.999119192944,,
list,clamping,cropX,1920,1080,12500,12500,0,1.469398782267,1.519668917153,,
list,clamping,cropY,1920,1080,12500,12500,0,1.46354103427,1.519937397661,,
list,clamping,offsetX,1920,1080,12500,12500,0,1.00833344635,1.475185437168,,
list,clamping,offsetY,1920,1080,12500,12500,0,1.033222161986,1.472155489739,,
viewer,in-range,shiftX,4096,2304,12500,0,6.099e-5,0.000120746645,0.000122063774,0.000122070313,true
viewer,in-range,verticalUv,4096,2304,12500,0,0.000109396221,0.000214866585,0.000217006328,0.000217013889,true
viewer,in-range,rotationDeg,4096,2304,12500,0,1.199e-5,5.912e-5,9.948e-5,0.0001,true
viewer,in-range,zoomPct,4096,2304,12500,0,1.249e-5,5.667e-5,9.935e-5,0.0001,true
viewer,in-range,cropX,4096,2304,12500,0,2.047e-8,4.908e-6,4.999e-6,5.000e-6,true
viewer,in-range,cropY,4096,2304,12500,0,3.526e-8,4.904e-6,4.999e-6,5.000e-6,true
viewer,in-range,offsetX,4096,2304,12500,0,2.658e-8,4.902e-6,4.999e-6,1.000e-5,true
viewer,in-range,offsetY,4096,2304,12500,0,3.043e-8,4.907e-6,5.000e-6,1.000e-5,true
viewer,clamping,shiftX,4096,2304,12500,12500,0.336971163733,0.604974208157,0.610349421237,,
viewer,clamping,verticalUv,4096,2304,12500,12500,0.603823518405,1.07611942041,1.084957343538,,
viewer,clamping,rotationDeg,4096,2304,12500,12500,13.945467696176,44.357380756148,44.996437734808,,
viewer,clamping,zoomPct,4096,2304,12500,12500,13.656760943122,44.442610473605,44.994311333285,,
viewer,clamping,cropX,4096,2304,12500,12500,1.380e-7,1.476013377948,1.51996803992,,
viewer,clamping,cropY,4096,2304,12500,12500,1.068e-7,1.470541784137,1.519979517306,,
viewer,clamping,offsetX,4096,2304,12500,12500,6.601e-8,1.040847686532,1.51480225252,,
viewer,clamping,offsetY,4096,2304,12500,12500,5.388e-8,1.026573187179,1.466705535472,,
list,in-range,shiftX,4096,2304,12500,0,6.056e-5,0.000120740047,0.000122062823,0.000122070313,true
list,in-range,verticalUv,4096,2304,12500,0,0.000107228241,0.000214778679,0.000216975182,0.000217013889,true
list,in-range,rotationDeg,4096,2304,12500,0,1.210e-5,5.111e-5,9.962e-5,0.0001,true
list,in-range,zoomPct,4096,2304,12500,0,1.213e-5,5.712e-5,9.997e-5,0.0001,true
list,in-range,cropX,4096,2304,12500,0,0,4.914e-6,5.000e-6,5.000e-6,true
list,in-range,cropY,4096,2304,12500,0,0,4.898e-6,5.000e-6,5.000e-6,true
list,in-range,offsetX,4096,2304,12500,0,0,4.898e-6,4.999e-6,1.000e-5,true
list,in-range,offsetY,4096,2304,12500,0,0,4.891e-6,5.000e-6,1.000e-5,true
list,clamping,shiftX,4096,2304,12500,12500,0.333010176483,0.604553091097,0.610336727647,,
list,clamping,verticalUv,4096,2304,12500,12500,0.598991182061,1.074639438612,1.084831528361,,
list,clamping,rotationDeg,4096,2304,12500,12500,14.205358780164,44.361661173985,44.999932674109,,
list,clamping,zoomPct,4096,2304,12500,12500,14.433438550914,44.391093968879,44.999598052818,,
list,clamping,cropX,4096,2304,12500,12500,4.570e-10,1.467382841696,1.519148077914,,
list,clamping,cropY,4096,2304,12500,12500,1.194e-9,1.463656040821,1.519380860245,,
list,clamping,offsetX,4096,2304,12500,12500,4.402e-10,1.003541595824,1.462685636166,,
list,clamping,offsetY,4096,2304,12500,12500,9.093e-11,1.058381371469,1.485802340776,,
viewer,in-range,shiftX,8192,4608,12500,0,3.069e-5,6.032e-5,6.103e-5,6.104e-5,true
viewer,in-range,verticalUv,8192,4608,12500,0,5.451e-5,0.000107294737,0.000108494761,0.000108506944,true
viewer,in-range,rotationDeg,8192,4608,12500,0,1.250e-5,5.262e-5,9.982e-5,0.0001,true
viewer,in-range,zoomPct,8192,4608,12500,0,1.227e-5,6.345e-5,9.984e-5,0.0001,true
viewer,in-range,cropX,8192,4608,12500,0,2.911e-8,4.901e-6,4.999e-6,5.000e-6,true
viewer,in-range,cropY,8192,4608,12500,0,3.094e-8,4.895e-6,4.999e-6,5.000e-6,true
viewer,in-range,offsetX,8192,4608,12500,0,2.610e-8,4.900e-6,5.000e-6,1.000e-5,true
viewer,in-range,offsetY,8192,4608,12500,0,2.136e-8,4.887e-6,5.000e-6,1.000e-5,true
viewer,clamping,shiftX,8192,4608,12500,12500,0.166887023685,0.3023187474,0.305169392441,,
viewer,clamping,verticalUv,8192,4608,12500,12500,0.295832320824,0.537711597836,0.542488146203,,
viewer,clamping,rotationDeg,8192,4608,12500,12500,13.166445966926,44.293021521036,44.986513133626,,
viewer,clamping,zoomPct,8192,4608,12500,12500,13.230275298993,44.389377115353,44.994015993434,,
viewer,clamping,cropX,8192,4608,12500,12500,2.249e-8,1.469928687292,1.519552928493,,
viewer,clamping,cropY,8192,4608,12500,12500,3.722e-8,1.47794142076,1.519633289408,,
viewer,clamping,offsetX,8192,4608,12500,12500,1.664e-8,1.037855966675,1.451136932724,,
viewer,clamping,offsetY,8192,4608,12500,12500,1.236e-8,1.002747267518,1.445602155398,,
list,in-range,shiftX,8192,4608,12500,0,3.020e-5,6.043e-5,6.103e-5,6.104e-5,true
list,in-range,verticalUv,8192,4608,12500,0,5.395e-5,0.000107338329,0.000108500787,0.000108506944,true
list,in-range,rotationDeg,8192,4608,12500,0,1.251e-5,5.592e-5,9.993e-5,0.0001,true
list,in-range,zoomPct,8192,4608,12500,0,1.243e-5,5.844e-5,9.993e-5,0.0001,true
list,in-range,cropX,8192,4608,12500,0,3.578e-8,4.904e-6,4.996e-6,5.000e-6,true
list,in-range,cropY,8192,4608,12500,0,2.892e-8,4.898e-6,4.999e-6,5.000e-6,true
list,in-range,offsetX,8192,4608,12500,0,2.340e-8,4.913e-6,5.000e-6,1.000e-5,true
list,in-range,offsetY,8192,4608,12500,0,2.294e-8,4.898e-6,5.000e-6,1.000e-5,true
list,clamping,shiftX,8192,4608,12500,12500,0.169516571656,0.302267119278,0.305125207369,,
list,clamping,verticalUv,8192,4608,12500,12500,0.300609589311,0.537848434213,0.542493865105,,
list,clamping,rotationDeg,8192,4608,12500,12500,13.412326730322,44.367723052797,44.99322204385,,
list,clamping,zoomPct,8192,4608,12500,12500,13.417242297437,44.317325657787,44.998488865094,,
list,clamping,cropX,8192,4608,12500,12500,0,1.479278319753,1.51977354717,,
list,clamping,cropY,8192,4608,12500,12500,0,1.469698610045,1.519951442005,,
list,clamping,offsetX,8192,4608,12500,12500,0,1.059899817536,1.498926528016,,
list,clamping,offsetY,8192,4608,12500,12500,0,1.032623914502,1.502016300717,,
